TimeUTC,timestampInMs,requestPath,requestMethod,requestQueryString,responseStatusCode,requestId,requestUserAgent,level,environment,branch,vercelCache,type,function,host,deploymentDomain,deploymentId,durationMs,region,maxMemoryUsed,memorySize,message,projectId,traceId,sessionId,invocationId,instanceId,concurrency
2026-01-18 06:44:24,1768718664086,www.soulprintengine.ai/dashboard/chat,POST,,200,b92b4-1768718664086-6e1ca862d196,"Mozilla/5.0 (Windows NT 10.0; Win64; x64) AppleWebKit/537.36 (KHTML, like Gecko) Chrome/143.0.0.0 Safari/537.36",,production,main,MISS,serverless,/dashboard/chat,www.soulprintengine.ai,soulprint-landing-r1pftpk1f-a55ets-projects.vercel.app,dpl_Dspn2uC9fYUFeRzCQ63KmNJc4aYe,426,iad1,277,2048,,prj_0yEqZoYLeoFxe4GwUIxHZhtEU6iA,,,01KF7XJ0P8JSNHX3WTXD1R8MP3,2Cej9zP7KEKH,1
2026-01-18 06:44:24,1768718664086,www.soulprintengine.ai/dashboard/chat,POST,,200,b92b4-1768718664086-6e1ca862d196,"Mozilla/5.0 (Windows NT 10.0; Win64; x64) AppleWebKit/537.36 (KHTML, like Gecko) Chrome/143.0.0.0 Safari/537.36",,production,main,MISS,middleware,middleware,www.soulprintengine.ai,soulprint-landing-r1pftpk1f-a55ets-projects.vercel.app,dpl_Dspn2uC9fYUFeRzCQ63KmNJc4aYe,269,iad1,147,2048,,prj_0yEqZoYLeoFxe4GwUIxHZhtEU6iA,,,01KF7XJ0D0WS5NG7YM6M135ZKD,Hl5gudDKsTNm,1
2026-01-18 06:44:23,1768718663401,www.soulprintengine.ai/dashboard/chat,POST,,200,b92b4-1768718663401-f143fc80d73d,"Mozilla/5.0 (Windows NT 10.0; Win64; x64) AppleWebKit/537.36 (KHTML, like Gecko) Chrome/143.0.0.0 Safari/537.36",,production,main,MISS,middleware,middleware,www.soulprintengine.ai,soulprint-landing-r1pftpk1f-a55ets-projects.vercel.app,dpl_Dspn2uC9fYUFeRzCQ63KmNJc4aYe,303,iad1,147,2048,,prj_0yEqZoYLeoFxe4GwUIxHZhtEU6iA,,,01KF7XHZQN9YJEG4QBP4JX3GCK,Hl5gudDKsTNm,1
2026-01-18 06:44:23,1768718663401,www.soulprintengine.ai/dashboard/chat,POST,,200,b92b4-1768718663401-f143fc80d73d,"Mozilla/5.0 (Windows NT 10.0; Win64; x64) AppleWebKit/537.36 (KHTML, like Gecko) Chrome/143.0.0.0 Safari/537.36",,production,main,MISS,serverless,/dashboard/chat,www.soulprintengine.ai,soulprint-landing-r1pftpk1f-a55ets-projects.vercel.app,dpl_Dspn2uC9fYUFeRzCQ63KmNJc4aYe,287,iad1,277,2048,,prj_0yEqZoYLeoFxe4GwUIxHZhtEU6iA,,,01KF7XJ01YYMWD1ZK70ZCT5947,2Cej9zP7KEKH,1
2026-01-18 06:44:16,1768718656505,www.soulprintengine.ai/dashboard/chat,POST,,200,99wp6-1768718656505-7e4c3136688f,"Mozilla/5.0 (Windows NT 10.0; Win64; x64) AppleWebKit/537.36 (KHTML, like Gecko) Chrome/143.0.0.0 Safari/537.36",,production,main,MISS,serverless,/dashboard/chat,www.soulprintengine.ai,soulprint-landing-r1pftpk1f-a55ets-projects.vercel.app,dpl_Dspn2uC9fYUFeRzCQ63KmNJc4aYe,284,iad1,276,2048,,prj_0yEqZoYLeoFxe4GwUIxHZhtEU6iA,,,01KF7XHSA8TVDAGVR0ZZ4Z5WGZ,2Cej9zP7KEKH,1
2026-01-18 06:44:16,1768718656505,www.soulprintengine.ai/dashboard/chat,POST,,200,99wp6-1768718656505-7e4c3136688f,"Mozilla/5.0 (Windows NT 10.0; Win64; x64) AppleWebKit/537.36 (KHTML, like Gecko) Chrome/143.0.0.0 Safari/537.36",,production,main,MISS,middleware,middleware,www.soulprintengine.ai,soulprint-landing-r1pftpk1f-a55ets-projects.vercel.app,dpl_Dspn2uC9fYUFeRzCQ63KmNJc4aYe,287,iad1,147,2048,,prj_0yEqZoYLeoFxe4GwUIxHZhtEU6iA,,,01KF7XHS0AP4RRVTWC2ZF0W0H8,Hl5gudDKsTNm,1
2026-01-18 06:44:17,1768718657220,www.soulprintengine.ai/api/llm/chat,POST,,200,xjl2l-1768718656503-42b25d830e86,"Mozilla/5.0 (Windows NT 10.0; Win64; x64) AppleWebKit/537.36 (KHTML, like Gecko) Chrome/143.0.0.0 Safari/537.36",info,production,main,MISS,serverless,/api/llm/chat,www.soulprintengine.ai,soulprint-landing-r1pftpk1f-a55ets-projects.vercel.app,dpl_Dspn2uC9fYUFeRzCQ63KmNJc4aYe,,,,,"[SoulEngine] Thinking... (Input: ""hi what should i do..."")",prj_0yEqZoYLeoFxe4GwUIxHZhtEU6iA,,,,,
2026-01-18 06:44:17,1768718657220,www.soulprintengine.ai/api/llm/chat,POST,,200,xjl2l-1768718656503-42b25d830e86,"Mozilla/5.0 (Windows NT 10.0; Win64; x64) AppleWebKit/537.36 (KHTML, like Gecko) Chrome/143.0.0.0 Safari/537.36",info,production,main,MISS,serverless,/api/llm/chat,www.soulprintengine.ai,soulprint-landing-r1pftpk1f-a55ets-projects.vercel.app,dpl_Dspn2uC9fYUFeRzCQ63KmNJc4aYe,,,,,[LLM] Using SageMaker (non-streaming),prj_0yEqZoYLeoFxe4GwUIxHZhtEU6iA,,,,,
2026-01-18 06:44:17,1768718657407,www.soulprintengine.ai/api/llm/chat,POST,,200,xjl2l-1768718656503-42b25d830e86,"Mozilla/5.0 (Windows NT 10.0; Win64; x64) AppleWebKit/537.36 (KHTML, like Gecko) Chrome/143.0.0.0 Safari/537.36",info,production,main,MISS,serverless,/api/llm/chat,www.soulprintengine.ai,soulprint-landing-r1pftpk1f-a55ets-projects.vercel.app,dpl_Dspn2uC9fYUFeRzCQ63KmNJc4aYe,,,,,"[SoulEngine] Latent Context: ""Phatic""",prj_0yEqZoYLeoFxe4GwUIxHZhtEU6iA,,,,,
2026-01-18 06:44:18,1768718658410,www.soulprintengine.ai/api/llm/chat,POST,,200,xjl2l-1768718656503-42b25d830e86,"Mozilla/5.0 (Windows NT 10.0; Win64; x64) AppleWebKit/537.36 (KHTML, like Gecko) Chrome/143.0.0.0 Safari/537.36",info,production,main,MISS,serverless,/api/llm/chat,www.soulprintengine.ai,soulprint-landing-r1pftpk1f-a55ets-projects.vercel.app,dpl_Dspn2uC9fYUFeRzCQ63KmNJc4aYe,,,,,[SoulEngine] No relevant memories found.,prj_0yEqZoYLeoFxe4GwUIxHZhtEU6iA,,,,,
2026-01-18 06:44:18,1768718658410,www.soulprintengine.ai/api/llm/chat,POST,,200,xjl2l-1768718656503-42b25d830e86,"Mozilla/5.0 (Windows NT 10.0; Win64; x64) AppleWebKit/537.36 (KHTML, like Gecko) Chrome/143.0.0.0 Safari/537.36",info,production,main,MISS,serverless,/api/llm/chat,www.soulprintengine.ai,soulprint-landing-r1pftpk1f-a55ets-projects.vercel.app,dpl_Dspn2uC9fYUFeRzCQ63KmNJc4aYe,,,,,[LLM] Using SageMaker (simulated streaming),prj_0yEqZoYLeoFxe4GwUIxHZhtEU6iA,,,,,
2026-01-18 06:44:16,1768718656503,www.soulprintengine.ai/api/llm/chat,POST,,200,xjl2l-1768718656503-42b25d830e86,"Mozilla/5.0 (Windows NT 10.0; Win64; x64) AppleWebKit/537.36 (KHTML, like Gecko) Chrome/143.0.0.0 Safari/537.36",,production,main,MISS,serverless,/api/llm/chat,www.soulprintengine.ai,soulprint-landing-r1pftpk1f-a55ets-projects.vercel.app,dpl_Dspn2uC9fYUFeRzCQ63KmNJc4aYe,6750,iad1,269,2048,,prj_0yEqZoYLeoFxe4GwUIxHZhtEU6iA,,,01KF7XHS2CXVM51JYHRBHY66PW,cA2ZbCpOd489,1
2026-01-18 06:44:15,1768718655696,www.soulprintengine.ai/dashboard/chat,POST,,200,xjl2l-1768718655696-b195a7e23ed5,"Mozilla/5.0 (Windows NT 10.0; Win64; x64) AppleWebKit/537.36 (KHTML, like Gecko) Chrome/143.0.0.0 Safari/537.36",,production,main,MISS,middleware,middleware,www.soulprintengine.ai,soulprint-landing-r1pftpk1f-a55ets-projects.vercel.app,dpl_Dspn2uC9fYUFeRzCQ63KmNJc4aYe,335,iad1,147,2048,,prj_0yEqZoYLeoFxe4GwUIxHZhtEU6iA,,,01KF7XHR720RQZNNQS4QN8Z415,Hl5gudDKsTNm,1
2026-01-18 06:44:15,1768718655696,www.soulprintengine.ai/dashboard/chat,POST,,200,xjl2l-1768718655696-b195a7e23ed5,"Mozilla/5.0 (Windows NT 10.0; Win64; x64) AppleWebKit/537.36 (KHTML, like Gecko) Chrome/143.0.0.0 Safari/537.36",,production,main,MISS,serverless,/dashboard/chat,www.soulprintengine.ai,soulprint-landing-r1pftpk1f-a55ets-projects.vercel.app,dpl_Dspn2uC9fYUFeRzCQ63KmNJc4aYe,362,iad1,280,2048,,prj_0yEqZoYLeoFxe4GwUIxHZhtEU6iA,,,01KF7XHRJE5WS3KMG6TA4J0BR8,2Cej9zP7KEKH,1
2026-01-18 06:44:04,1768718644981,www.soulprintengine.ai/dashboard/chat,POST,,200,qx5nx-1768718644981-cdf3e02624d1,"Mozilla/5.0 (Windows NT 10.0; Win64; x64) AppleWebKit/537.36 (KHTML, like Gecko) Chrome/143.0.0.0 Safari/537.36",,production,main,MISS,middleware,middleware,www.soulprintengine.ai,soulprint-landing-r1pftpk1f-a55ets-projects.vercel.app,dpl_Dspn2uC9fYUFeRzCQ63KmNJc4aYe,276,iad1,147,2048,,prj_0yEqZoYLeoFxe4GwUIxHZhtEU6iA,,,01KF7XHDR04C7CNGQR7GDFMEGR,Hl5gudDKsTNm,1
2026-01-18 06:44:04,1768718644981,www.soulprintengine.ai/dashboard/chat,POST,,200,qx5nx-1768718644981-cdf3e02624d1,"Mozilla/5.0 (Windows NT 10.0; Win64; x64) AppleWebKit/537.36 (KHTML, like Gecko) Chrome/143.0.0.0 Safari/537.36",,production,main,MISS,serverless,/dashboard/chat,www.soulprintengine.ai,soulprint-landing-r1pftpk1f-a55ets-projects.vercel.app,dpl_Dspn2uC9fYUFeRzCQ63KmNJc4aYe,261,iad1,279,2048,,prj_0yEqZoYLeoFxe4GwUIxHZhtEU6iA,,,01KF7XHE1K2VKP1F88Z3V5G3M3,2Cej9zP7KEKH,1
2026-01-18 06:44:04,1768718644230,www.soulprintengine.ai/dashboard/profile,GET,_rsc=hb77t,200,4rfjr-1768718644230-807d3201e2fd,"Mozilla/5.0 (Windows NT 10.0; Win64; x64) AppleWebKit/537.36 (KHTML, like Gecko) Chrome/143.0.0.0 Safari/537.36",,production,main,MISS,serverless,/dashboard/profile.rsc,www.soulprintengine.ai,soulprint-landing-r1pftpk1f-a55ets-projects.vercel.app,dpl_Dspn2uC9fYUFeRzCQ63KmNJc4aYe,6,iad1,277,2048,,prj_0yEqZoYLeoFxe4GwUIxHZhtEU6iA,,,01KF7XHD97X6QYCV0P2V4285BA,2Cej9zP7KEKH,2
2026-01-18 06:44:04,1768718644230,www.soulprintengine.ai/dashboard/profile,GET,_rsc=hb77t,200,4rfjr-1768718644230-807d3201e2fd,"Mozilla/5.0 (Windows NT 10.0; Win64; x64) AppleWebKit/537.36 (KHTML, like Gecko) Chrome/143.0.0.0 Safari/537.36",,production,main,MISS,middleware,middleware,www.soulprintengine.ai,soulprint-landing-r1pftpk1f-a55ets-projects.vercel.app,dpl_Dspn2uC9fYUFeRzCQ63KmNJc4aYe,302,iad1,108,2048,,prj_0yEqZoYLeoFxe4GwUIxHZhtEU6iA,,,01KF7XHCB3PVP0B16XA23QS17F,Hl5gudDKsTNm,3
2026-01-18 06:44:04,1768718644193,www.soulprintengine.ai/dashboard/chat,POST,,200,q7cfz-1768718644193-9079dc0d5867,"Mozilla/5.0 (Windows NT 10.0; Win64; x64) AppleWebKit/537.36 (KHTML, like Gecko) Chrome/143.0.0.0 Safari/537.36",,production,main,MISS,serverless,/dashboard/chat,www.soulprintengine.ai,soulprint-landing-r1pftpk1f-a55ets-projects.vercel.app,dpl_Dspn2uC9fYUFeRzCQ63KmNJc4aYe,400,iad1,278,2048,,prj_0yEqZoYLeoFxe4GwUIxHZhtEU6iA,,,01KF7XHD97X6QYCV0P2V4285BA,2Cej9zP7KEKH,2
2026-01-18 06:44:04,1768718644193,www.soulprintengine.ai/dashboard/chat,POST,,200,q7cfz-1768718644193-9079dc0d5867,"Mozilla/5.0 (Windows NT 10.0; Win64; x64) AppleWebKit/537.36 (KHTML, like Gecko) Chrome/143.0.0.0 Safari/537.36",,production,main,MISS,middleware,middleware,www.soulprintengine.ai,soulprint-landing-r1pftpk1f-a55ets-projects.vercel.app,dpl_Dspn2uC9fYUFeRzCQ63KmNJc4aYe,288,iad1,108,2048,,prj_0yEqZoYLeoFxe4GwUIxHZhtEU6iA,,,01KF7XHCB3PVP0B16XA23QS17F,Hl5gudDKsTNm,3
2026-01-18 06:44:03,1768718643980,www.soulprintengine.ai/questionnaire/new,GET,_rsc=uriwz,200,vpt9b-1768718643980-32d15347af56,"Mozilla/5.0 (Windows NT 10.0; Win64; x64) AppleWebKit/537.36 (KHTML, like Gecko) Chrome/143.0.0.0 Safari/537.36",,production,main,HIT,middleware,middleware,www.soulprintengine.ai,soulprint-landing-r1pftpk1f-a55ets-projects.vercel.app,dpl_Dspn2uC9fYUFeRzCQ63KmNJc4aYe,280,iad1,108,2048,,prj_0yEqZoYLeoFxe4GwUIxHZhtEU6iA,,,01KF7XHCB3PVP0B16XA23QS17F,Hl5gudDKsTNm,3
2026-01-18 06:44:03,1768718643980,www.soulprintengine.ai/questionnaire/new,GET,_rsc=uriwz,200,vpt9b-1768718643980-32d15347af56,"Mozilla/5.0 (Windows NT 10.0; Win64; x64) AppleWebKit/537.36 (KHTML, like Gecko) Chrome/143.0.0.0 Safari/537.36",,production,main,HIT,static,/questionnaire/new.segments/questionnaire/new/__PAGE__.segment,www.soulprintengine.ai,soulprint-landing-r1pftpk1f-a55ets-projects.vercel.app,dpl_Dspn2uC9fYUFeRzCQ63KmNJc4aYe,,cle1,,,,prj_0yEqZoYLeoFxe4GwUIxHZhtEU6iA,,,,,
2026-01-18 06:44:03,1768718643936,www.soulprintengine.ai/questionnaire/new,GET,_rsc=onv2t,200,vsp68-1768718643936-504a8dc507b8,"Mozilla/5.0 (Windows NT 10.0; Win64; x64) AppleWebKit/537.36 (KHTML, like Gecko) Chrome/143.0.0.0 Safari/537.36",,production,main,HIT,middleware,middleware,www.soulprintengine.ai,soulprint-landing-r1pftpk1f-a55ets-projects.vercel.app,dpl_Dspn2uC9fYUFeRzCQ63KmNJc4aYe,282,iad1,110,2048,,prj_0yEqZoYLeoFxe4GwUIxHZhtEU6iA,,,01KF7XHBM5GYN0R9EG0A0FX8ZG,vhcackbGEODp,2
2026-01-18 06:44:03,1768718643936,www.soulprintengine.ai/questionnaire/new,GET,_rsc=onv2t,200,vsp68-1768718643936-504a8dc507b8,"Mozilla/5.0 (Windows NT 10.0; Win64; x64) AppleWebKit/537.36 (KHTML, like Gecko) Chrome/143.0.0.0 Safari/537.36",,production,main,HIT,static,/questionnaire/new.segments/questionnaire/new.segment,www.soulprintengine.ai,soulprint-landing-r1pftpk1f-a55ets-projects.vercel.app,dpl_Dspn2uC9fYUFeRzCQ63KmNJc4aYe,,cle1,,,,prj_0yEqZoYLeoFxe4GwUIxHZhtEU6iA,,,,,
2026-01-18 06:44:03,1768718643918,www.soulprintengine.ai/questionnaire/new,GET,_rsc=1eu3n,200,4rfjr-1768718643918-d54f66b003ee,"Mozilla/5.0 (Windows NT 10.0; Win64; x64) AppleWebKit/537.36 (KHTML, like Gecko) Chrome/143.0.0.0 Safari/537.36",,production,main,HIT,middleware,middleware,www.soulprintengine.ai,soulprint-landing-r1pftpk1f-a55ets-projects.vercel.app,dpl_Dspn2uC9fYUFeRzCQ63KmNJc4aYe,284,iad1,107,2048,,prj_0yEqZoYLeoFxe4GwUIxHZhtEU6iA,,,01KF7XHCB3PVP0B16XA23QS17F,Hl5gudDKsTNm,3
2026-01-18 06:44:03,1768718643918,www.soulprintengine.ai/questionnaire/new,GET,_rsc=1eu3n,200,4rfjr-1768718643918-d54f66b003ee,"Mozilla/5.0 (Windows NT 10.0; Win64; x64) AppleWebKit/537.36 (KHTML, like Gecko) Chrome/143.0.0.0 Safari/537.36",,production,main,HIT,static,/questionnaire/new.segments/questionnaire.segment,www.soulprintengine.ai,soulprint-landing-r1pftpk1f-a55ets-projects.vercel.app,dpl_Dspn2uC9fYUFeRzCQ63KmNJc4aYe,,cle1,,,,prj_0yEqZoYLeoFxe4GwUIxHZhtEU6iA,,,,,
2026-01-18 06:44:03,1768718643777,www.soulprintengine.ai/dashboard/chat,POST,,200,87k7x-1768718643777-c521ea5d9003,"Mozilla/5.0 (Windows NT 10.0; Win64; x64) AppleWebKit/537.36 (KHTML, like Gecko) Chrome/143.0.0.0 Safari/537.36",,production,main,MISS,serverless,/dashboard/chat,www.soulprintengine.ai,soulprint-landing-r1pftpk1f-a55ets-projects.vercel.app,dpl_Dspn2uC9fYUFeRzCQ63KmNJc4aYe,11,iad1,275,2048,,prj_0yEqZoYLeoFxe4GwUIxHZhtEU6iA,,,01KF7XHCWXGH83PD1HPA3GF366,2Cej9zP7KEKH,1
2026-01-18 06:44:03,1768718643777,www.soulprintengine.ai/dashboard/chat,POST,,200,87k7x-1768718643777-c521ea5d9003,"Mozilla/5.0 (Windows NT 10.0; Win64; x64) AppleWebKit/537.36 (KHTML, like Gecko) Chrome/143.0.0.0 Safari/537.36",,production,main,MISS,middleware,middleware,www.soulprintengine.ai,soulprint-landing-r1pftpk1f-a55ets-projects.vercel.app,dpl_Dspn2uC9fYUFeRzCQ63KmNJc4aYe,289,iad1,107,2048,,prj_0yEqZoYLeoFxe4GwUIxHZhtEU6iA,,,01KF7XHCB3PVP0B16XA23QS17F,Hl5gudDKsTNm,3
2026-01-18 06:44:03,1768718643609,www.soulprintengine.ai/questionnaire/new,GET,_rsc=1rmgn,200,nph8v-1768718643609-567d2e199a26,"Mozilla/5.0 (Windows NT 10.0; Win64; x64) AppleWebKit/537.36 (KHTML, like Gecko) Chrome/143.0.0.0 Safari/537.36",,production,main,HIT,middleware,middleware,www.soulprintengine.ai,soulprint-landing-r1pftpk1f-a55ets-projects.vercel.app,dpl_Dspn2uC9fYUFeRzCQ63KmNJc4aYe,290,iad1,148,2048,,prj_0yEqZoYLeoFxe4GwUIxHZhtEU6iA,,,01KF7XHCD7SC15G6YA2ZD0VMRR,RZF7fPRhYBIJ,1
2026-01-18 06:44:03,1768718643609,www.soulprintengine.ai/questionnaire/new,GET,_rsc=1rmgn,200,nph8v-1768718643609-567d2e199a26,"Mozilla/5.0 (Windows NT 10.0; Win64; x64) AppleWebKit/537.36 (KHTML, like Gecko) Chrome/143.0.0.0 Safari/537.36",,production,main,HIT,static,/questionnaire/new.segments/_head.segment,www.soulprintengine.ai,soulprint-landing-r1pftpk1f-a55ets-projects.vercel.app,dpl_Dspn2uC9fYUFeRzCQ63KmNJc4aYe,,cle1,,,,prj_0yEqZoYLeoFxe4GwUIxHZhtEU6iA,,,,,
2026-01-18 06:44:03,1768718643609,www.soulprintengine.ai/questionnaire/new,GET,_rsc=1h3a7,200,4rfjr-1768718643609-e579785cd643,"Mozilla/5.0 (Windows NT 10.0; Win64; x64) AppleWebKit/537.36 (KHTML, like Gecko) Chrome/143.0.0.0 Safari/537.36",,production,main,HIT,middleware,middleware,www.soulprintengine.ai,soulprint-landing-r1pftpk1f-a55ets-projects.vercel.app,dpl_Dspn2uC9fYUFeRzCQ63KmNJc4aYe,261,iad1,106,2048,,prj_0yEqZoYLeoFxe4GwUIxHZhtEU6iA,,,01KF7XHCB3PVP0B16XA23QS17F,Hl5gudDKsTNm,3
2026-01-18 06:44:03,1768718643609,www.soulprintengine.ai/questionnaire/new,GET,_rsc=1h3a7,200,4rfjr-1768718643609-e579785cd643,"Mozilla/5.0 (Windows NT 10.0; Win64; x64) AppleWebKit/537.36 (KHTML, like Gecko) Chrome/143.0.0.0 Safari/537.36",,production,main,HIT,static,/questionnaire/new.segments/_index.segment,www.soulprintengine.ai,soulprint-landing-r1pftpk1f-a55ets-projects.vercel.app,dpl_Dspn2uC9fYUFeRzCQ63KmNJc4aYe,,cle1,,,,prj_0yEqZoYLeoFxe4GwUIxHZhtEU6iA,,,,,
2026-01-18 06:44:03,1768718643543,www.soulprintengine.ai/dashboard/chat,GET,_rsc=hb77t,200,vsp68-1768718643543-448cacbef4a1,"Mozilla/5.0 (Windows NT 10.0; Win64; x64) AppleWebKit/537.36 (KHTML, like Gecko) Chrome/143.0.0.0 Safari/537.36",,production,main,MISS,serverless,/dashboard/chat.rsc,www.soulprintengine.ai,soulprint-landing-r1pftpk1f-a55ets-projects.vercel.app,dpl_Dspn2uC9fYUFeRzCQ63KmNJc4aYe,10,iad1,275,2048,,prj_0yEqZoYLeoFxe4GwUIxHZhtEU6iA,,,01KF7XHCMC7275NVRTZH5M5ZDW,2Cej9zP7KEKH,1
2026-01-18 06:44:03,1768718643543,www.soulprintengine.ai/dashboard/chat,GET,_rsc=hb77t,200,vsp68-1768718643543-448cacbef4a1,"Mozilla/5.0 (Windows NT 10.0; Win64; x64) AppleWebKit/537.36 (KHTML, like Gecko) Chrome/143.0.0.0 Safari/537.36",,production,main,MISS,middleware,middleware,www.soulprintengine.ai,soulprint-landing-r1pftpk1f-a55ets-projects.vercel.app,dpl_Dspn2uC9fYUFeRzCQ63KmNJc4aYe,265,iad1,147,2048,,prj_0yEqZoYLeoFxe4GwUIxHZhtEU6iA,,,01KF7XHCB3PVP0B16XA23QS17F,Hl5gudDKsTNm,3
2026-01-18 06:44:03,1768718643230,www.soulprintengine.ai/dashboard/bot,GET,_rsc=hb77t,200,4rfjr-1768718643230-25552fedd3ed,"Mozilla/5.0 (Windows NT 10.0; Win64; x64) AppleWebKit/537.36 (KHTML, like Gecko) Chrome/143.0.0.0 Safari/537.36",,production,main,MISS,middleware,middleware,www.soulprintengine.ai,soulprint-landing-r1pftpk1f-a55ets-projects.vercel.app,dpl_Dspn2uC9fYUFeRzCQ63KmNJc4aYe,292,iad1,104,2048,,prj_0yEqZoYLeoFxe4GwUIxHZhtEU6iA,,,01KF7XHBKE97P1WB4ZSNXXF4BS,Hl5gudDKsTNm,4
2026-01-18 06:44:03,1768718643230,www.soulprintengine.ai/dashboard/bot,GET,_rsc=hb77t,200,4rfjr-1768718643230-25552fedd3ed,"Mozilla/5.0 (Windows NT 10.0; Win64; x64) AppleWebKit/537.36 (KHTML, like Gecko) Chrome/143.0.0.0 Safari/537.36",,production,main,MISS,serverless,/dashboard/bot.rsc,www.soulprintengine.ai,soulprint-landing-r1pftpk1f-a55ets-projects.vercel.app,dpl_Dspn2uC9fYUFeRzCQ63KmNJc4aYe,7,iad1,274,2048,,prj_0yEqZoYLeoFxe4GwUIxHZhtEU6iA,,,01KF7XHC7EA5PJDRX8AVR6TMYY,2Cej9zP7KEKH,2
2026-01-18 06:44:03,1768718643215,www.soulprintengine.ai/dashboard/settings,GET,_rsc=hb77t,200,4vdq9-1768718643215-7000e6d7b8a6,"Mozilla/5.0 (Windows NT 10.0; Win64; x64) AppleWebKit/537.36 (KHTML, like Gecko) Chrome/143.0.0.0 Safari/537.36",,production,main,MISS,serverless,/dashboard/settings.rsc,www.soulprintengine.ai,soulprint-landing-r1pftpk1f-a55ets-projects.vercel.app,dpl_Dspn2uC9fYUFeRzCQ63KmNJc4aYe,6,iad1,274,2048,,prj_0yEqZoYLeoFxe4GwUIxHZhtEU6iA,,,01KF7XHC7EA5PJDRX8AVR6TMYY,2Cej9zP7KEKH,2
2026-01-18 06:44:03,1768718643215,www.soulprintengine.ai/dashboard/settings,GET,_rsc=hb77t,200,4vdq9-1768718643215-7000e6d7b8a6,"Mozilla/5.0 (Windows NT 10.0; Win64; x64) AppleWebKit/537.36 (KHTML, like Gecko) Chrome/143.0.0.0 Safari/537.36",,production,main,MISS,middleware,middleware,www.soulprintengine.ai,soulprint-landing-r1pftpk1f-a55ets-projects.vercel.app,dpl_Dspn2uC9fYUFeRzCQ63KmNJc4aYe,321,iad1,104,2048,,prj_0yEqZoYLeoFxe4GwUIxHZhtEU6iA,,,01KF7XHBKE97P1WB4ZSNXXF4BS,Hl5gudDKsTNm,4
2026-01-18 06:44:03,1768718643169,www.soulprintengine.ai/questionnaire/new,GET,_rsc=j0a4x,200,jsqdt-1768718643169-c137d4d9e700,"Mozilla/5.0 (Windows NT 10.0; Win64; x64) AppleWebKit/537.36 (KHTML, like Gecko) Chrome/143.0.0.0 Safari/537.36",,production,main,HIT,middleware,middleware,www.soulprintengine.ai,soulprint-landing-r1pftpk1f-a55ets-projects.vercel.app,dpl_Dspn2uC9fYUFeRzCQ63KmNJc4aYe,309,iad1,104,2048,,prj_0yEqZoYLeoFxe4GwUIxHZhtEU6iA,,,01KF7XHBKE97P1WB4ZSNXXF4BS,Hl5gudDKsTNm,4
2026-01-18 06:44:03,1768718643169,www.soulprintengine.ai/questionnaire/new,GET,_rsc=j0a4x,200,jsqdt-1768718643169-c137d4d9e700,"Mozilla/5.0 (Windows NT 10.0; Win64; x64) AppleWebKit/537.36 (KHTML, like Gecko) Chrome/143.0.0.0 Safari/537.36",,production,main,HIT,static,/questionnaire/new.segments/_tree.segment,www.soulprintengine.ai,soulprint-landing-r1pftpk1f-a55ets-projects.vercel.app,dpl_Dspn2uC9fYUFeRzCQ63KmNJc4aYe,,cle1,,,,prj_0yEqZoYLeoFxe4GwUIxHZhtEU6iA,,,,,
2026-01-18 06:44:02,1768718642808,www.soulprintengine.ai/dashboard/profile,GET,_rsc=j0a4x,200,q7cfz-1768718642808-dbcda1b7ab9e,"Mozilla/5.0 (Windows NT 10.0; Win64; x64) AppleWebKit/537.36 (KHTML, like Gecko) Chrome/143.0.0.0 Safari/537.36",,production,main,MISS,serverless,/dashboard/profile.rsc,www.soulprintengine.ai,soulprint-landing-r1pftpk1f-a55ets-projects.vercel.app,dpl_Dspn2uC9fYUFeRzCQ63KmNJc4aYe,18,iad1,276,2048,,prj_0yEqZoYLeoFxe4GwUIxHZhtEU6iA,,,01KF7XHCXPNTNP8BYFPQZ6HE01,2Cej9zP7KEKH,1
2026-01-18 06:44:02,1768718642808,www.soulprintengine.ai/dashboard/profile,GET,_rsc=j0a4x,200,q7cfz-1768718642808-dbcda1b7ab9e,"Mozilla/5.0 (Windows NT 10.0; Win64; x64) AppleWebKit/537.36 (KHTML, like Gecko) Chrome/143.0.0.0 Safari/537.36",,production,main,MISS,middleware,middleware,www.soulprintengine.ai,soulprint-landing-r1pftpk1f-a55ets-projects.vercel.app,dpl_Dspn2uC9fYUFeRzCQ63KmNJc4aYe,601,iad1,148,2048,,prj_0yEqZoYLeoFxe4GwUIxHZhtEU6iA,,,01KF7XHBM5GYN0R9EG0A0FX8ZG,vhcackbGEODp,2
2026-01-18 06:44:02,1768718642808,www.soulprintengine.ai/dashboard/chat,GET,_rsc=j0a4x,200,4vdq9-1768718642808-5f3ae3f18547,"Mozilla/5.0 (Windows NT 10.0; Win64; x64) AppleWebKit/537.36 (KHTML, like Gecko) Chrome/143.0.0.0 Safari/537.36",,production,main,MISS,serverless,/dashboard/chat.rsc,www.soulprintengine.ai,soulprint-landing-r1pftpk1f-a55ets-projects.vercel.app,dpl_Dspn2uC9fYUFeRzCQ63KmNJc4aYe,9,iad1,272,2048,,prj_0yEqZoYLeoFxe4GwUIxHZhtEU6iA,,,01KF7XHBYMNY4ZP7Y7FEK4E5A9,2Cej9zP7KEKH,1
2026-01-18 06:44:02,1768718642808,www.soulprintengine.ai/dashboard/chat,GET,_rsc=j0a4x,200,4vdq9-1768718642808-5f3ae3f18547,"Mozilla/5.0 (Windows NT 10.0; Win64; x64) AppleWebKit/537.36 (KHTML, like Gecko) Chrome/143.0.0.0 Safari/537.36",,production,main,MISS,middleware,middleware,www.soulprintengine.ai,soulprint-landing-r1pftpk1f-a55ets-projects.vercel.app,dpl_Dspn2uC9fYUFeRzCQ63KmNJc4aYe,314,iad1,104,2048,,prj_0yEqZoYLeoFxe4GwUIxHZhtEU6iA,,,01KF7XHBK7HFDJWS49J1ZBNZJW,RZF7fPRhYBIJ,2
2026-01-18 06:44:02,1768718642783,www.soulprintengine.ai/dashboard/bot,GET,_rsc=j0a4x,200,4rfjr-1768718642783-b65476e29f36,"Mozilla/5.0 (Windows NT 10.0; Win64; x64) AppleWebKit/537.36 (KHTML, like Gecko) Chrome/143.0.0.0 Safari/537.36",,production,main,MISS,serverless,/dashboard/bot.rsc,www.soulprintengine.ai,soulprint-landing-r1pftpk1f-a55ets-projects.vercel.app,dpl_Dspn2uC9fYUFeRzCQ63KmNJc4aYe,39,iad1,272,2048,,prj_0yEqZoYLeoFxe4GwUIxHZhtEU6iA,,,01KF7XHBXASYCAPHJ4DKF9FM77,2Cej9zP7KEKH,1
2026-01-18 06:44:02,1768718642783,www.soulprintengine.ai/dashboard/bot,GET,_rsc=j0a4x,200,4rfjr-1768718642783-b65476e29f36,"Mozilla/5.0 (Windows NT 10.0; Win64; x64) AppleWebKit/537.36 (KHTML, like Gecko) Chrome/143.0.0.0 Safari/537.36",,production,main,MISS,middleware,middleware,www.soulprintengine.ai,soulprint-landing-r1pftpk1f-a55ets-projects.vercel.app,dpl_Dspn2uC9fYUFeRzCQ63KmNJc4aYe,286,iad1,146,2048,,prj_0yEqZoYLeoFxe4GwUIxHZhtEU6iA,,,01KF7XHBKCFRTXZH6NHQDVZ4M2,Uf1xx0b3Kewm,1
2026-01-18 06:44:02,1768718642781,www.soulprintengine.ai/dashboard/settings,GET,_rsc=j0a4x,200,jxd6q-1768718642781-3d8fa8ce5ed4,"Mozilla/5.0 (Windows NT 10.0; Win64; x64) AppleWebKit/537.36 (KHTML, like Gecko) Chrome/143.0.0.0 Safari/537.36",,production,main,MISS,serverless,/dashboard/settings.rsc,www.soulprintengine.ai,soulprint-landing-r1pftpk1f-a55ets-projects.vercel.app,dpl_Dspn2uC9fYUFeRzCQ63KmNJc4aYe,18,iad1,270,2048,,prj_0yEqZoYLeoFxe4GwUIxHZhtEU6iA,,,01KF7XHBWRD1MQ6T6PZVE1CXV1,2Cej9zP7KEKH,1
2026-01-18 06:44:02,1768718642781,www.soulprintengine.ai/dashboard/settings,GET,_rsc=j0a4x,200,jxd6q-1768718642781-3d8fa8ce5ed4,"Mozilla/5.0 (Windows NT 10.0; Win64; x64) AppleWebKit/537.36 (KHTML, like Gecko) Chrome/143.0.0.0 Safari/537.36",,production,main,MISS,middleware,middleware,www.soulprintengine.ai,soulprint-landing-r1pftpk1f-a55ets-projects.vercel.app,dpl_Dspn2uC9fYUFeRzCQ63KmNJc4aYe,276,iad1,148,2048,,prj_0yEqZoYLeoFxe4GwUIxHZhtEU6iA,,,01KF7XHBK7HFDJWS49J1ZBNZJW,RZF7fPRhYBIJ,2
2026-01-18 06:44:02,1768718642777,www.soulprintengine.ai/dashboard/chat,POST,,200,w5xrj-1768718642777-5215cafaae68,"Mozilla/5.0 (Windows NT 10.0; Win64; x64) AppleWebKit/537.36 (KHTML, like Gecko) Chrome/143.0.0.0 Safari/537.36",,production,main,MISS,serverless,/dashboard/chat,www.soulprintengine.ai,soulprint-landing-r1pftpk1f-a55ets-projects.vercel.app,dpl_Dspn2uC9fYUFeRzCQ63KmNJc4aYe,274,iad1,275,2048,,prj_0yEqZoYLeoFxe4GwUIxHZhtEU6iA,,,01KF7XHC7EA5PJDRX8AVR6TMYY,2Cej9zP7KEKH,2
2026-01-18 06:44:02,1768718642777,www.soulprintengine.ai/dashboard/chat,POST,,200,w5xrj-1768718642777-5215cafaae68,"Mozilla/5.0 (Windows NT 10.0; Win64; x64) AppleWebKit/537.36 (KHTML, like Gecko) Chrome/143.0.0.0 Safari/537.36",,production,main,MISS,middleware,middleware,www.soulprintengine.ai,soulprint-landing-r1pftpk1f-a55ets-projects.vercel.app,dpl_Dspn2uC9fYUFeRzCQ63KmNJc4aYe,498,iad1,147,2048,,prj_0yEqZoYLeoFxe4GwUIxHZhtEU6iA,,,01KF7XHBKE97P1WB4ZSNXXF4BS,Hl5gudDKsTNm,4
2026-01-18 06:44:02,1768718642030,www.soulprintengine.ai/dashboard/chat,GET,_rsc=qzknm,200,jxd6q-1768718642030-2f12dd23cf80,"Mozilla/5.0 (Windows NT 10.0; Win64; x64) AppleWebKit/537.36 (KHTML, like Gecko) Chrome/143.0.0.0 Safari/537.36",,production,main,MISS,serverless,/dashboard/chat.rsc,www.soulprintengine.ai,soulprint-landing-r1pftpk1f-a55ets-projects.vercel.app,dpl_Dspn2uC9fYUFeRzCQ63KmNJc4aYe,291,iad1,270,2048,,prj_0yEqZoYLeoFxe4GwUIxHZhtEU6iA,,,01KF7XHB5X8NGNAMAQ6Q66TAPT,2Cej9zP7KEKH,1
2026-01-18 06:44:02,1768718642030,www.soulprintengine.ai/dashboard/chat,GET,_rsc=qzknm,200,jxd6q-1768718642030-2f12dd23cf80,"Mozilla/5.0 (Windows NT 10.0; Win64; x64) AppleWebKit/537.36 (KHTML, like Gecko) Chrome/143.0.0.0 Safari/537.36",,production,main,MISS,middleware,middleware,www.soulprintengine.ai,soulprint-landing-r1pftpk1f-a55ets-projects.vercel.app,dpl_Dspn2uC9fYUFeRzCQ63KmNJc4aYe,293,iad1,148,2048,,prj_0yEqZoYLeoFxe4GwUIxHZhtEU6iA,,,01KF7XHAVTCYZFRCR8C7N8SZVV,RZF7fPRhYBIJ,1
2026-01-18 06:44:01,1768718641557,www.soulprintengine.ai/dashboard/chat,GET,_rsc=wizet,200,hjscn-1768718641557-134bc1afc2d6,"Mozilla/5.0 (Windows NT 10.0; Win64; x64) AppleWebKit/537.36 (KHTML, like Gecko) Chrome/143.0.0.0 Safari/537.36",,production,main,MISS,serverless,/dashboard/chat.rsc,www.soulprintengine.ai,soulprint-landing-r1pftpk1f-a55ets-projects.vercel.app,dpl_Dspn2uC9fYUFeRzCQ63KmNJc4aYe,359,iad1,276,2048,,prj_0yEqZoYLeoFxe4GwUIxHZhtEU6iA,,,01KF7XHAPPH2HZRKXVBWQ18TSE,2Cej9zP7KEKH,1
2026-01-18 06:44:01,1768718641557,www.soulprintengine.ai/dashboard/chat,GET,_rsc=wizet,200,hjscn-1768718641557-134bc1afc2d6,"Mozilla/5.0 (Windows NT 10.0; Win64; x64) AppleWebKit/537.36 (KHTML, like Gecko) Chrome/143.0.0.0 Safari/537.36",,production,main,MISS,middleware,middleware,www.soulprintengine.ai,soulprint-landing-r1pftpk1f-a55ets-projects.vercel.app,dpl_Dspn2uC9fYUFeRzCQ63KmNJc4aYe,277,iad1,148,2048,,prj_0yEqZoYLeoFxe4GwUIxHZhtEU6iA,,,01KF7XHAD3FM1PFP8X28Q5S3GG,RZF7fPRhYBIJ,1
2026-01-18 06:44:00,1768718640874,www.soulprintengine.ai/questionnaire/complete,POST,,200,jsqdt-1768718640874-236c2e118ad6,"Mozilla/5.0 (Windows NT 10.0; Win64; x64) AppleWebKit/537.36 (KHTML, like Gecko) Chrome/143.0.0.0 Safari/537.36",,production,main,BYPASS,middleware,middleware,www.soulprintengine.ai,soulprint-landing-r1pftpk1f-a55ets-projects.vercel.app,dpl_Dspn2uC9fYUFeRzCQ63KmNJc4aYe,284,iad1,148,2048,,prj_0yEqZoYLeoFxe4GwUIxHZhtEU6iA,,,01KF7XH9QN02MY07E43HYWCV78,RZF7fPRhYBIJ,1
2026-01-18 06:44:00,1768718640874,www.soulprintengine.ai/questionnaire/complete,POST,,200,jsqdt-1768718640874-236c2e118ad6,"Mozilla/5.0 (Windows NT 10.0; Win64; x64) AppleWebKit/537.36 (KHTML, like Gecko) Chrome/143.0.0.0 Safari/537.36",,production,main,BYPASS,cache,/questionnaire/complete,www.soulprintengine.ai,soulprint-landing-r1pftpk1f-a55ets-projects.vercel.app,dpl_Dspn2uC9fYUFeRzCQ63KmNJc4aYe,298,iad1,282,2048,,prj_0yEqZoYLeoFxe4GwUIxHZhtEU6iA,,,01KF7XHA1ENYNCKAQPNADH1XP8,UqvDUbsU4lUo,1
2026-01-18 06:44:00,1768718640874,www.soulprintengine.ai/questionnaire/complete,POST,,200,jsqdt-1768718640874-236c2e118ad6,"Mozilla/5.0 (Windows NT 10.0; Win64; x64) AppleWebKit/537.36 (KHTML, like Gecko) Chrome/143.0.0.0 Safari/537.36",,production,main,BYPASS,static,/questionnaire/complete,www.soulprintengine.ai,soulprint-landing-r1pftpk1f-a55ets-projects.vercel.app,dpl_Dspn2uC9fYUFeRzCQ63KmNJc4aYe,,cle1,,,,prj_0yEqZoYLeoFxe4GwUIxHZhtEU6iA,,,,,
2026-01-18 06:43:59,1768718639555,www.soulprintengine.ai/questionnaire/complete,POST,,200,jsqdt-1768718639555-4ae0a6a9fdfb,"Mozilla/5.0 (Windows NT 10.0; Win64; x64) AppleWebKit/537.36 (KHTML, like Gecko) Chrome/143.0.0.0 Safari/537.36",,production,main,BYPASS,middleware,middleware,www.soulprintengine.ai,soulprint-landing-r1pftpk1f-a55ets-projects.vercel.app,dpl_Dspn2uC9fYUFeRzCQ63KmNJc4aYe,320,iad1,148,2048,,prj_0yEqZoYLeoFxe4GwUIxHZhtEU6iA,,,01KF7XH8J7WP7YS36QR5PNNJ14,RZF7fPRhYBIJ,1
2026-01-18 06:43:59,1768718639555,www.soulprintengine.ai/questionnaire/complete,POST,,200,jsqdt-1768718639555-4ae0a6a9fdfb,"Mozilla/5.0 (Windows NT 10.0; Win64; x64) AppleWebKit/537.36 (KHTML, like Gecko) Chrome/143.0.0.0 Safari/537.36",,production,main,BYPASS,cache,/questionnaire/complete,www.soulprintengine.ai,soulprint-landing-r1pftpk1f-a55ets-projects.vercel.app,dpl_Dspn2uC9fYUFeRzCQ63KmNJc4aYe,766,iad1,282,2048,,prj_0yEqZoYLeoFxe4GwUIxHZhtEU6iA,,,01KF7XH906FM28487SWTNQ72M8,UqvDUbsU4lUo,1
2026-01-18 06:43:59,1768718639555,www.soulprintengine.ai/questionnaire/complete,POST,,200,jsqdt-1768718639555-4ae0a6a9fdfb,"Mozilla/5.0 (Windows NT 10.0; Win64; x64) AppleWebKit/537.36 (KHTML, like Gecko) Chrome/143.0.0.0 Safari/537.36",,production,main,BYPASS,static,/questionnaire/complete,www.soulprintengine.ai,soulprint-landing-r1pftpk1f-a55ets-projects.vercel.app,dpl_Dspn2uC9fYUFeRzCQ63KmNJc4aYe,,cle1,,,,prj_0yEqZoYLeoFxe4GwUIxHZhtEU6iA,,,,,
2026-01-18 06:43:39,1768718619662,www.soulprintengine.ai/api/soulprint/generate,POST,,200,t75kc-1768718618833-1bf49dd69ab7,"Mozilla/5.0 (Windows NT 10.0; Win64; x64) AppleWebKit/537.36 (KHTML, like Gecko) Chrome/143.0.0.0 Safari/537.36",info,production,main,MISS,serverless,/api/soulprint/generate,www.soulprintengine.ai,www.soulprintengine.ai,dpl_Dspn2uC9fYUFeRzCQ63KmNJc4aYe,,,,,üöÄ [SoulPrint API] Generation process started,prj_0yEqZoYLeoFxe4GwUIxHZhtEU6iA,,,,,
2026-01-18 06:43:39,1768718619890,www.soulprintengine.ai/api/soulprint/generate,POST,,200,t75kc-1768718618833-1bf49dd69ab7,"Mozilla/5.0 (Windows NT 10.0; Win64; x64) AppleWebKit/537.36 (KHTML, like Gecko) Chrome/143.0.0.0 Safari/537.36",info,production,main,MISS,serverless,/api/soulprint/generate,www.soulprintengine.ai,www.soulprintengine.ai,dpl_Dspn2uC9fYUFeRzCQ63KmNJc4aYe,,,,,üë§ [SoulPrint API] User identified: 1de073fe-396f-4970-8c66-d35a0434f0bd (waitlist@archeforge.com),prj_0yEqZoYLeoFxe4GwUIxHZhtEU6iA,,,,,
2026-01-18 06:43:39,1768718619894,www.soulprintengine.ai/api/soulprint/generate,POST,,200,t75kc-1768718618833-1bf49dd69ab7,"Mozilla/5.0 (Windows NT 10.0; Win64; x64) AppleWebKit/537.36 (KHTML, like Gecko) Chrome/143.0.0.0 Safari/537.36",info,production,main,MISS,serverless,/api/soulprint/generate,www.soulprintengine.ai,www.soulprintengine.ai,dpl_Dspn2uC9fYUFeRzCQ63KmNJc4aYe,,,,,üß† [SoulPrint API] Calling processSoulPrint...,prj_0yEqZoYLeoFxe4GwUIxHZhtEU6iA,,,,,
2026-01-18 06:43:39,1768718619895,www.soulprintengine.ai/api/soulprint/generate,POST,,200,t75kc-1768718618833-1bf49dd69ab7,"Mozilla/5.0 (Windows NT 10.0; Win64; x64) AppleWebKit/537.36 (KHTML, like Gecko) Chrome/143.0.0.0 Safari/537.36",info,production,main,MISS,serverless,/api/soulprint/generate,www.soulprintengine.ai,www.soulprintengine.ai,dpl_Dspn2uC9fYUFeRzCQ63KmNJc4aYe,,,,,üß† Generating SoulPrint for user: 1de073fe-396f-4970-8c66-d35a0434f0bd,prj_0yEqZoYLeoFxe4GwUIxHZhtEU6iA,,,,,
2026-01-18 06:43:39,1768718619895,www.soulprintengine.ai/api/soulprint/generate,POST,,200,t75kc-1768718618833-1bf49dd69ab7,"Mozilla/5.0 (Windows NT 10.0; Win64; x64) AppleWebKit/537.36 (KHTML, like Gecko) Chrome/143.0.0.0 Safari/537.36",info,production,main,MISS,serverless,/api/soulprint/generate,www.soulprintengine.ai,www.soulprintengine.ai,dpl_Dspn2uC9fYUFeRzCQ63KmNJc4aYe,,,,,üß† Generating SoulPrint Meta-Architect V3.1 (Flat Schema)...,prj_0yEqZoYLeoFxe4GwUIxHZhtEU6iA,,,,,
2026-01-18 06:43:39,1768718619896,www.soulprintengine.ai/api/soulprint/generate,POST,,200,t75kc-1768718618833-1bf49dd69ab7,"Mozilla/5.0 (Windows NT 10.0; Win64; x64) AppleWebKit/537.36 (KHTML, like Gecko) Chrome/143.0.0.0 Safari/537.36",info,production,main,MISS,serverless,/api/soulprint/generate,www.soulprintengine.ai,www.soulprintengine.ai,dpl_Dspn2uC9fYUFeRzCQ63KmNJc4aYe,,,,,[LLM] Using SageMaker (non-streaming),prj_0yEqZoYLeoFxe4GwUIxHZhtEU6iA,,,,,
2026-01-18 06:43:51,1768718631762,www.soulprintengine.ai/api/soulprint/generate,POST,,200,t75kc-1768718618833-1bf49dd69ab7,"Mozilla/5.0 (Windows NT 10.0; Win64; x64) AppleWebKit/537.36 (KHTML, like Gecko) Chrome/143.0.0.0 Safari/537.36",info,production,main,MISS,serverless,/api/soulprint/generate,www.soulprintengine.ai,www.soulprintengine.ai,dpl_Dspn2uC9fYUFeRzCQ63KmNJc4aYe,,,,,"RAW LLM OUTPUT: {
  ""soulprint_version"": ""3.0"",
  ""generated_at"": ""2026-01-18T06:43:39.895Z"",
  ""identity_signature"": ""A perceptive guide, nurturing the path to self-discovery."",
  ""archetype"": ""Intuitive Sage"",
  ""v...",prj_0yEqZoYLeoFxe4GwUIxHZhtEU6iA,,,,,
2026-01-18 06:43:51,1768718631763,www.soulprintengine.ai/api/soulprint/generate,POST,,200,t75kc-1768718618833-1bf49dd69ab7,"Mozilla/5.0 (Windows NT 10.0; Win64; x64) AppleWebKit/537.36 (KHTML, like Gecko) Chrome/143.0.0.0 Safari/537.36",info,production,main,MISS,serverless,/api/soulprint/generate,www.soulprintengine.ai,www.soulprintengine.ai,dpl_Dspn2uC9fYUFeRzCQ63KmNJc4aYe,,,,,üìù Constructing Dynamic System Prompt...,prj_0yEqZoYLeoFxe4GwUIxHZhtEU6iA,,,,,
2026-01-18 06:43:51,1768718631763,www.soulprintengine.ai/api/soulprint/generate,POST,,200,t75kc-1768718618833-1bf49dd69ab7,"Mozilla/5.0 (Windows NT 10.0; Win64; x64) AppleWebKit/537.36 (KHTML, like Gecko) Chrome/143.0.0.0 Safari/537.36",info,production,main,MISS,serverless,/api/soulprint/generate,www.soulprintengine.ai,www.soulprintengine.ai,dpl_Dspn2uC9fYUFeRzCQ63KmNJc4aYe,,,,,‚úÖ SoulPrint generated via AWS SageMaker LLM,prj_0yEqZoYLeoFxe4GwUIxHZhtEU6iA,,,,,
2026-01-18 06:43:51,1768718631763,www.soulprintengine.ai/api/soulprint/generate,POST,,200,t75kc-1768718618833-1bf49dd69ab7,"Mozilla/5.0 (Windows NT 10.0; Win64; x64) AppleWebKit/537.36 (KHTML, like Gecko) Chrome/143.0.0.0 Safari/537.36",info,production,main,MISS,serverless,/api/soulprint/generate,www.soulprintengine.ai,www.soulprintengine.ai,dpl_Dspn2uC9fYUFeRzCQ63KmNJc4aYe,,,,,‚úÖ Archetype: Intuitive Sage,prj_0yEqZoYLeoFxe4GwUIxHZhtEU6iA,,,,,
2026-01-18 06:43:52,1768718632217,www.soulprintengine.ai/api/soulprint/generate,POST,,200,t75kc-1768718618833-1bf49dd69ab7,"Mozilla/5.0 (Windows NT 10.0; Win64; x64) AppleWebKit/537.36 (KHTML, like Gecko) Chrome/143.0.0.0 Safari/537.36",info,production,main,MISS,serverless,/api/soulprint/generate,www.soulprintengine.ai,www.soulprintengine.ai,dpl_Dspn2uC9fYUFeRzCQ63KmNJc4aYe,,,,,üíæ SoulPrint saved to Supabase with ID: a5e37c33-44a0-463d-8a19-856421a280d3,prj_0yEqZoYLeoFxe4GwUIxHZhtEU6iA,,,,,
2026-01-18 06:43:52,1768718632217,www.soulprintengine.ai/api/soulprint/generate,POST,,200,t75kc-1768718618833-1bf49dd69ab7,"Mozilla/5.0 (Windows NT 10.0; Win64; x64) AppleWebKit/537.36 (KHTML, like Gecko) Chrome/143.0.0.0 Safari/537.36",info,production,main,MISS,serverless,/api/soulprint/generate,www.soulprintengine.ai,www.soulprintengine.ai,dpl_Dspn2uC9fYUFeRzCQ63KmNJc4aYe,,,,,üîë [SoulPrint API] Activating API keys...,prj_0yEqZoYLeoFxe4GwUIxHZhtEU6iA,,,,,
2026-01-18 06:43:52,1768718632373,www.soulprintengine.ai/api/soulprint/generate,POST,,200,t75kc-1768718618833-1bf49dd69ab7,"Mozilla/5.0 (Windows NT 10.0; Win64; x64) AppleWebKit/537.36 (KHTML, like Gecko) Chrome/143.0.0.0 Safari/537.36",info,production,main,MISS,serverless,/api/soulprint/generate,www.soulprintengine.ai,www.soulprintengine.ai,dpl_Dspn2uC9fYUFeRzCQ63KmNJc4aYe,,,,,‚úÖ API keys activated,prj_0yEqZoYLeoFxe4GwUIxHZhtEU6iA,,,,,
2026-01-18 06:43:52,1768718632374,www.soulprintengine.ai/api/soulprint/generate,POST,,200,t75kc-1768718618833-1bf49dd69ab7,"Mozilla/5.0 (Windows NT 10.0; Win64; x64) AppleWebKit/537.36 (KHTML, like Gecko) Chrome/143.0.0.0 Safari/537.36",info,production,main,MISS,serverless,/api/soulprint/generate,www.soulprintengine.ai,www.soulprintengine.ai,dpl_Dspn2uC9fYUFeRzCQ63KmNJc4aYe,,,,,‚úÖ [SoulPrint API] Success! Archetype: Intuitive Sage. Total time: 12.71s,prj_0yEqZoYLeoFxe4GwUIxHZhtEU6iA,,,,,
2026-01-18 06:43:38,1768718618833,www.soulprintengine.ai/api/soulprint/generate,POST,,200,t75kc-1768718618833-1bf49dd69ab7,"Mozilla/5.0 (Windows NT 10.0; Win64; x64) AppleWebKit/537.36 (KHTML, like Gecko) Chrome/143.0.0.0 Safari/537.36",,production,main,MISS,serverless,/api/soulprint/generate,www.soulprintengine.ai,www.soulprintengine.ai,dpl_Dspn2uC9fYUFeRzCQ63KmNJc4aYe,13386,iad1,293,2048,,prj_0yEqZoYLeoFxe4GwUIxHZhtEU6iA,,,01KF7XGM90XWYBQ344ZX39KR3P,MEaqGLuEQNwu,1
2026-01-18 06:43:38,1768718618223,www.soulprintengine.ai/questionnaire/complete,GET,_rsc=ft7ei,200,jxk7l-1768718618223-97b21c332398,"Mozilla/5.0 (Windows NT 10.0; Win64; x64) AppleWebKit/537.36 (KHTML, like Gecko) Chrome/143.0.0.0 Safari/537.36",,production,main,HIT,middleware,middleware,www.soulprintengine.ai,soulprint-landing-r1pftpk1f-a55ets-projects.vercel.app,dpl_Dspn2uC9fYUFeRzCQ63KmNJc4aYe,284,iad1,148,2048,,prj_0yEqZoYLeoFxe4GwUIxHZhtEU6iA,,,01KF7XGKKVTMTMPTCXKR3PFVQF,RZF7fPRhYBIJ,1
2026-01-18 06:43:38,1768718618223,www.soulprintengine.ai/questionnaire/complete,GET,_rsc=ft7ei,200,jxk7l-1768718618223-97b21c332398,"Mozilla/5.0 (Windows NT 10.0; Win64; x64) AppleWebKit/537.36 (KHTML, like Gecko) Chrome/143.0.0.0 Safari/537.36",,production,main,HIT,static,/questionnaire/complete,www.soulprintengine.ai,soulprint-landing-r1pftpk1f-a55ets-projects.vercel.app,dpl_Dspn2uC9fYUFeRzCQ63KmNJc4aYe,317,cle1,,,,prj_0yEqZoYLeoFxe4GwUIxHZhtEU6iA,,,,,
2026-01-18 06:43:37,1768718617647,www.soulprintengine.ai/questionnaire/complete,GET,_rsc=1bsqq,200,jxk7l-1768718617647-c6111a89fbc1,"Mozilla/5.0 (Windows NT 10.0; Win64; x64) AppleWebKit/537.36 (KHTML, like Gecko) Chrome/143.0.0.0 Safari/537.36",,production,main,PRERENDER,middleware,middleware,www.soulprintengine.ai,soulprint-landing-r1pftpk1f-a55ets-projects.vercel.app,dpl_Dspn2uC9fYUFeRzCQ63KmNJc4aYe,323,iad1,148,2048,,prj_0yEqZoYLeoFxe4GwUIxHZhtEU6iA,,,01KF7XGK27T7PSAVRP7KB75CH6,RZF7fPRhYBIJ,1
2026-01-18 06:43:37,1768718617647,www.soulprintengine.ai/questionnaire/complete,GET,_rsc=1bsqq,200,jxk7l-1768718617647-c6111a89fbc1,"Mozilla/5.0 (Windows NT 10.0; Win64; x64) AppleWebKit/537.36 (KHTML, like Gecko) Chrome/143.0.0.0 Safari/537.36",,production,main,PRERENDER,static,/questionnaire/complete,www.soulprintengine.ai,soulprint-landing-r1pftpk1f-a55ets-projects.vercel.app,dpl_Dspn2uC9fYUFeRzCQ63KmNJc4aYe,531,cle1,,,,prj_0yEqZoYLeoFxe4GwUIxHZhtEU6iA,,,,,
2026-01-18 06:43:30,1768718610313,www.soulprintengine.ai/dashboard,GET,_rsc=156ol,200,t75kc-1768718610313-ecd485810c61,"Mozilla/5.0 (Windows NT 10.0; Win64; x64) AppleWebKit/537.36 (KHTML, like Gecko) Chrome/143.0.0.0 Safari/537.36",,production,main,MISS,serverless,/dashboard.rsc,www.soulprintengine.ai,soulprint-landing-r1pftpk1f-a55ets-projects.vercel.app,dpl_Dspn2uC9fYUFeRzCQ63KmNJc4aYe,13,iad1,276,2048,,prj_0yEqZoYLeoFxe4GwUIxHZhtEU6iA,,,01KF7XGC73PSRSVH46PW1JZJSX,2Cej9zP7KEKH,1
2026-01-18 06:43:30,1768718610313,www.soulprintengine.ai/dashboard,GET,_rsc=156ol,200,t75kc-1768718610313-ecd485810c61,"Mozilla/5.0 (Windows NT 10.0; Win64; x64) AppleWebKit/537.36 (KHTML, like Gecko) Chrome/143.0.0.0 Safari/537.36",,production,main,MISS,middleware,middleware,www.soulprintengine.ai,soulprint-landing-r1pftpk1f-a55ets-projects.vercel.app,dpl_Dspn2uC9fYUFeRzCQ63KmNJc4aYe,269,iad1,148,2048,,prj_0yEqZoYLeoFxe4GwUIxHZhtEU6iA,,,01KF7XGBXMZFER9BB1KXJFCSRN,RZF7fPRhYBIJ,1
2026-01-18 06:43:29,1768718609820,www.soulprintengine.ai/dashboard,GET,,200,b2knd-1768718609820-c44b40a1d4b9,"Mozilla/5.0 (Windows NT 10.0; Win64; x64) AppleWebKit/537.36 (KHTML, like Gecko) Chrome/143.0.0.0 Safari/537.36",,production,main,MISS,serverless,/dashboard.rsc,www.soulprintengine.ai,soulprint-landing-r1pftpk1f-a55ets-projects.vercel.app,dpl_Dspn2uC9fYUFeRzCQ63KmNJc4aYe,17,iad1,274,2048,,prj_0yEqZoYLeoFxe4GwUIxHZhtEU6iA,,,01KF7XGBT03HD82G2Q59NQ0XWZ,2Cej9zP7KEKH,1
2026-01-18 06:43:29,1768718609820,www.soulprintengine.ai/dashboard,GET,,200,b2knd-1768718609820-c44b40a1d4b9,"Mozilla/5.0 (Windows NT 10.0; Win64; x64) AppleWebKit/537.36 (KHTML, like Gecko) Chrome/143.0.0.0 Safari/537.36",,production,main,MISS,middleware,middleware,www.soulprintengine.ai,soulprint-landing-r1pftpk1f-a55ets-projects.vercel.app,dpl_Dspn2uC9fYUFeRzCQ63KmNJc4aYe,274,iad1,148,2048,,prj_0yEqZoYLeoFxe4GwUIxHZhtEU6iA,,,01KF7XGBD7HJGV925PDQ422WP0,RZF7fPRhYBIJ,1
2026-01-18 06:43:29,1768718609617,www.soulprintengine.ai/,GET,_rsc=1yv6y,307,b2knd-1768718609617-81b38786f2bc,"Mozilla/5.0 (Windows NT 10.0; Win64; x64) AppleWebKit/537.36 (KHTML, like Gecko) Chrome/143.0.0.0 Safari/537.36",,production,main,,middleware,middleware,www.soulprintengine.ai,soulprint-landing-r1pftpk1f-a55ets-projects.vercel.app,dpl_Dspn2uC9fYUFeRzCQ63KmNJc4aYe,136,iad1,148,2048,,prj_0yEqZoYLeoFxe4GwUIxHZhtEU6iA,,,01KF7XGB6WTYNQ57A40SDSQG7Q,RZF7fPRhYBIJ,1
2026-01-18 06:43:29,1768718609617,www.soulprintengine.ai/,GET,_rsc=1yv6y,307,b2knd-1768718609617-81b38786f2bc,"Mozilla/5.0 (Windows NT 10.0; Win64; x64) AppleWebKit/537.36 (KHTML, like Gecko) Chrome/143.0.0.0 Safari/537.36",,production,main,,redirect,/,www.soulprintengine.ai,soulprint-landing-r1pftpk1f-a55ets-projects.vercel.app,dpl_Dspn2uC9fYUFeRzCQ63KmNJc4aYe,162,cle1,,,,prj_0yEqZoYLeoFxe4GwUIxHZhtEU6iA,,,,,
2026-01-18 06:43:27,1768718607589,www.soulprintengine.ai/questionnaire/intro,GET,_rsc=1v6h6,200,qfkcz-1768718607589-4086cf1d0f3b,"Mozilla/5.0 (Windows NT 10.0; Win64; x64) AppleWebKit/537.36 (KHTML, like Gecko) Chrome/143.0.0.0 Safari/537.36",,production,main,HIT,middleware,middleware,www.soulprintengine.ai,soulprint-landing-r1pftpk1f-a55ets-projects.vercel.app,dpl_Dspn2uC9fYUFeRzCQ63KmNJc4aYe,273,iad1,148,2048,,prj_0yEqZoYLeoFxe4GwUIxHZhtEU6iA,,,01KF7XG97F0C3F9M9T8KEW5AFH,RZF7fPRhYBIJ,1
2026-01-18 06:43:27,1768718607589,www.soulprintengine.ai/questionnaire/intro,GET,_rsc=1v6h6,200,qfkcz-1768718607589-4086cf1d0f3b,"Mozilla/5.0 (Windows NT 10.0; Win64; x64) AppleWebKit/537.36 (KHTML, like Gecko) Chrome/143.0.0.0 Safari/537.36",,production,main,HIT,static,/questionnaire/intro,www.soulprintengine.ai,soulprint-landing-r1pftpk1f-a55ets-projects.vercel.app,dpl_Dspn2uC9fYUFeRzCQ63KmNJc4aYe,,cle1,,,,prj_0yEqZoYLeoFxe4GwUIxHZhtEU6iA,,,,,
2026-01-18 06:43:27,1768718607134,www.soulprintengine.ai/questionnaire/intro,GET,_rsc=1cqof,200,hstzv-1768718607134-84ada939d5f5,"Mozilla/5.0 (Windows NT 10.0; Win64; x64) AppleWebKit/537.36 (KHTML, like Gecko) Chrome/143.0.0.0 Safari/537.36",,production,main,PRERENDER,middleware,middleware,www.soulprintengine.ai,soulprint-landing-r1pftpk1f-a55ets-projects.vercel.app,dpl_Dspn2uC9fYUFeRzCQ63KmNJc4aYe,265,iad1,148,2048,,prj_0yEqZoYLeoFxe4GwUIxHZhtEU6iA,,,01KF7XG8S9R10QF4MFEMJF7N6R,RZF7fPRhYBIJ,1
2026-01-18 06:43:27,1768718607134,www.soulprintengine.ai/questionnaire/intro,GET,_rsc=1cqof,200,hstzv-1768718607134-84ada939d5f5,"Mozilla/5.0 (Windows NT 10.0; Win64; x64) AppleWebKit/537.36 (KHTML, like Gecko) Chrome/143.0.0.0 Safari/537.36",,production,main,PRERENDER,static,/questionnaire/intro,www.soulprintengine.ai,soulprint-landing-r1pftpk1f-a55ets-projects.vercel.app,dpl_Dspn2uC9fYUFeRzCQ63KmNJc4aYe,411,cle1,,,,prj_0yEqZoYLeoFxe4GwUIxHZhtEU6iA,,,,,
2026-01-18 06:43:25,1768718605235,www.soulprintengine.ai/dashboard/welcome,POST,,200,fln4k-1768718605235-67a266674e41,"Mozilla/5.0 (Windows NT 10.0; Win64; x64) AppleWebKit/537.36 (KHTML, like Gecko) Chrome/143.0.0.0 Safari/537.36",,production,main,MISS,serverless,/dashboard/welcome,www.soulprintengine.ai,soulprint-landing-r1pftpk1f-a55ets-projects.vercel.app,dpl_Dspn2uC9fYUFeRzCQ63KmNJc4aYe,15,iad1,272,2048,,prj_0yEqZoYLeoFxe4GwUIxHZhtEU6iA,,,01KF7XG76VYEFJAPVQ1XBXHB2T,2Cej9zP7KEKH,1
2026-01-18 06:43:25,1768718605235,www.soulprintengine.ai/dashboard/welcome,POST,,200,fln4k-1768718605235-67a266674e41,"Mozilla/5.0 (Windows NT 10.0; Win64; x64) AppleWebKit/537.36 (KHTML, like Gecko) Chrome/143.0.0.0 Safari/537.36",,production,main,MISS,middleware,middleware,www.soulprintengine.ai,soulprint-landing-r1pftpk1f-a55ets-projects.vercel.app,dpl_Dspn2uC9fYUFeRzCQ63KmNJc4aYe,264,iad1,104,2048,,prj_0yEqZoYLeoFxe4GwUIxHZhtEU6iA,,,01KF7XG6TACG84GGMPAZGZGPP2,Uf1xx0b3Kewm,2
2026-01-18 06:43:25,1768718605119,www.soulprintengine.ai/questionnaire/new,GET,_rsc=1pick,304,jsqdt-1768718605119-e8cfc6dfe169,"Mozilla/5.0 (Windows NT 10.0; Win64; x64) AppleWebKit/537.36 (KHTML, like Gecko) Chrome/143.0.0.0 Safari/537.36",,production,main,HIT,middleware,middleware,www.soulprintengine.ai,soulprint-landing-r1pftpk1f-a55ets-projects.vercel.app,dpl_Dspn2uC9fYUFeRzCQ63KmNJc4aYe,258,iad1,146,2048,,prj_0yEqZoYLeoFxe4GwUIxHZhtEU6iA,,,01KF7XG6TACG84GGMPAZGZGPP2,Uf1xx0b3Kewm,2
2026-01-18 06:43:25,1768718605119,www.soulprintengine.ai/questionnaire/new,GET,_rsc=1pick,304,jsqdt-1768718605119-e8cfc6dfe169,"Mozilla/5.0 (Windows NT 10.0; Win64; x64) AppleWebKit/537.36 (KHTML, like Gecko) Chrome/143.0.0.0 Safari/537.36",,production,main,HIT,static,/questionnaire/new.segments/questionnaire/new/__PAGE__.segment,www.soulprintengine.ai,soulprint-landing-r1pftpk1f-a55ets-projects.vercel.app,dpl_Dspn2uC9fYUFeRzCQ63KmNJc4aYe,,cle1,,,,prj_0yEqZoYLeoFxe4GwUIxHZhtEU6iA,,,,,
2026-01-18 06:43:24,1768718604809,www.soulprintengine.ai/questionnaire/new,GET,_rsc=1k5gq,304,fln4k-1768718604809-3aecb84dd76d,"Mozilla/5.0 (Windows NT 10.0; Win64; x64) AppleWebKit/537.36 (KHTML, like Gecko) Chrome/143.0.0.0 Safari/537.36",,production,main,HIT,middleware,middleware,www.soulprintengine.ai,soulprint-landing-r1pftpk1f-a55ets-projects.vercel.app,dpl_Dspn2uC9fYUFeRzCQ63KmNJc4aYe,288,iad1,104,2048,,prj_0yEqZoYLeoFxe4GwUIxHZhtEU6iA,,,01KF7XG6FQ8XMZD8T9RFCPRYAP,Uf1xx0b3Kewm,2
2026-01-18 06:43:24,1768718604809,www.soulprintengine.ai/questionnaire/new,GET,_rsc=1k5gq,304,fln4k-1768718604809-3aecb84dd76d,"Mozilla/5.0 (Windows NT 10.0; Win64; x64) AppleWebKit/537.36 (KHTML, like Gecko) Chrome/143.0.0.0 Safari/537.36",,production,main,HIT,static,/questionnaire/new.segments/questionnaire/new.segment,www.soulprintengine.ai,soulprint-landing-r1pftpk1f-a55ets-projects.vercel.app,dpl_Dspn2uC9fYUFeRzCQ63KmNJc4aYe,315,cle1,,,,prj_0yEqZoYLeoFxe4GwUIxHZhtEU6iA,,,,,
2026-01-18 06:43:24,1768718604780,www.soulprintengine.ai/questionnaire/new,GET,_rsc=1i4he,304,hstzv-1768718604780-a10c5fa0c861,"Mozilla/5.0 (Windows NT 10.0; Win64; x64) AppleWebKit/537.36 (KHTML, like Gecko) Chrome/143.0.0.0 Safari/537.36",,production,main,HIT,middleware,middleware,www.soulprintengine.ai,soulprint-landing-r1pftpk1f-a55ets-projects.vercel.app,dpl_Dspn2uC9fYUFeRzCQ63KmNJc4aYe,900,iad1,148,2048,,prj_0yEqZoYLeoFxe4GwUIxHZhtEU6iA,,,01KF7XG6FR0QRM0E7RC2Y4FN8A,RZF7fPRhYBIJ,1
2026-01-18 06:43:24,1768718604780,www.soulprintengine.ai/questionnaire/new,GET,_rsc=1i4he,304,hstzv-1768718604780-a10c5fa0c861,"Mozilla/5.0 (Windows NT 10.0; Win64; x64) AppleWebKit/537.36 (KHTML, like Gecko) Chrome/143.0.0.0 Safari/537.36",,production,main,HIT,static,/questionnaire/new.segments/questionnaire.segment,www.soulprintengine.ai,soulprint-landing-r1pftpk1f-a55ets-projects.vercel.app,dpl_Dspn2uC9fYUFeRzCQ63KmNJc4aYe,,cle1,,,,prj_0yEqZoYLeoFxe4GwUIxHZhtEU6iA,,,,,
2026-01-18 06:43:24,1768718604778,www.soulprintengine.ai/questionnaire/new,GET,_rsc=1bsa8,304,g5nt8-1768718604778-6563149bd538,"Mozilla/5.0 (Windows NT 10.0; Win64; x64) AppleWebKit/537.36 (KHTML, like Gecko) Chrome/143.0.0.0 Safari/537.36",,production,main,HIT,middleware,middleware,www.soulprintengine.ai,soulprint-landing-r1pftpk1f-a55ets-projects.vercel.app,dpl_Dspn2uC9fYUFeRzCQ63KmNJc4aYe,260,iad1,146,2048,,prj_0yEqZoYLeoFxe4GwUIxHZhtEU6iA,,,01KF7XG6FQ8XMZD8T9RFCPRYAP,Uf1xx0b3Kewm,2
2026-01-18 06:43:24,1768718604778,www.soulprintengine.ai/questionnaire/new,GET,_rsc=1bsa8,304,g5nt8-1768718604778-6563149bd538,"Mozilla/5.0 (Windows NT 10.0; Win64; x64) AppleWebKit/537.36 (KHTML, like Gecko) Chrome/143.0.0.0 Safari/537.36",,production,main,HIT,static,/questionnaire/new.segments/_index.segment,www.soulprintengine.ai,soulprint-landing-r1pftpk1f-a55ets-projects.vercel.app,dpl_Dspn2uC9fYUFeRzCQ63KmNJc4aYe,,cle1,,,,prj_0yEqZoYLeoFxe4GwUIxHZhtEU6iA,,,,,
2026-01-18 06:43:24,1768718604777,www.soulprintengine.ai/questionnaire/new,GET,_rsc=13gcm,304,jsqdt-1768718604777-26dd1b0d46eb,"Mozilla/5.0 (Windows NT 10.0; Win64; x64) AppleWebKit/537.36 (KHTML, like Gecko) Chrome/143.0.0.0 Safari/537.36",,production,main,HIT,middleware,middleware,www.soulprintengine.ai,soulprint-landing-r1pftpk1f-a55ets-projects.vercel.app,dpl_Dspn2uC9fYUFeRzCQ63KmNJc4aYe,298,iad1,112,2048,,prj_0yEqZoYLeoFxe4GwUIxHZhtEU6iA,,,01KF7XG64S2EXRJF19D8EYS8B7,Hl5gudDKsTNm,2
2026-01-18 06:43:24,1768718604777,www.soulprintengine.ai/questionnaire/new,GET,_rsc=13gcm,304,jsqdt-1768718604777-26dd1b0d46eb,"Mozilla/5.0 (Windows NT 10.0; Win64; x64) AppleWebKit/537.36 (KHTML, like Gecko) Chrome/143.0.0.0 Safari/537.36",,production,main,HIT,static,/questionnaire/new.segments/_head.segment,www.soulprintengine.ai,soulprint-landing-r1pftpk1f-a55ets-projects.vercel.app,dpl_Dspn2uC9fYUFeRzCQ63KmNJc4aYe,,cle1,,,,prj_0yEqZoYLeoFxe4GwUIxHZhtEU6iA,,,,,
2026-01-18 06:43:24,1768718604427,www.soulprintengine.ai/questionnaire/new,GET,_rsc=1e4zd,200,jsqdt-1768718604427-a0070655ba9f,"Mozilla/5.0 (Windows NT 10.0; Win64; x64) AppleWebKit/537.36 (KHTML, like Gecko) Chrome/143.0.0.0 Safari/537.36",,production,main,HIT,middleware,middleware,www.soulprintengine.ai,soulprint-landing-r1pftpk1f-a55ets-projects.vercel.app,dpl_Dspn2uC9fYUFeRzCQ63KmNJc4aYe,268,iad1,146,2048,,prj_0yEqZoYLeoFxe4GwUIxHZhtEU6iA,,,01KF7XG64P73PHQ5RJ9ZA32M2K,Uf1xx0b3Kewm,1
2026-01-18 06:43:24,1768718604427,www.soulprintengine.ai/questionnaire/new,GET,_rsc=1e4zd,200,jsqdt-1768718604427-a0070655ba9f,"Mozilla/5.0 (Windows NT 10.0; Win64; x64) AppleWebKit/537.36 (KHTML, like Gecko) Chrome/143.0.0.0 Safari/537.36",,production,main,HIT,static,/questionnaire/new.segments/_tree.segment,www.soulprintengine.ai,soulprint-landing-r1pftpk1f-a55ets-projects.vercel.app,dpl_Dspn2uC9fYUFeRzCQ63KmNJc4aYe,,cle1,,,,prj_0yEqZoYLeoFxe4GwUIxHZhtEU6iA,,,,,
2026-01-18 06:43:24,1768718604426,www.soulprintengine.ai/dashboard/welcome,POST,,200,qfkcz-1768718604426-a3cc478654a5,"Mozilla/5.0 (Windows NT 10.0; Win64; x64) AppleWebKit/537.36 (KHTML, like Gecko) Chrome/143.0.0.0 Safari/537.36",,production,main,MISS,middleware,middleware,www.soulprintengine.ai,soulprint-landing-r1pftpk1f-a55ets-projects.vercel.app,dpl_Dspn2uC9fYUFeRzCQ63KmNJc4aYe,325,iad1,147,2048,,prj_0yEqZoYLeoFxe4GwUIxHZhtEU6iA,,,01KF7XG64S2EXRJF19D8EYS8B7,Hl5gudDKsTNm,2
2026-01-18 06:43:24,1768718604426,www.soulprintengine.ai/dashboard/welcome,POST,,200,qfkcz-1768718604426-a3cc478654a5,"Mozilla/5.0 (Windows NT 10.0; Win64; x64) AppleWebKit/537.36 (KHTML, like Gecko) Chrome/143.0.0.0 Safari/537.36",,production,main,MISS,serverless,/dashboard/welcome,www.soulprintengine.ai,soulprint-landing-r1pftpk1f-a55ets-projects.vercel.app,dpl_Dspn2uC9fYUFeRzCQ63KmNJc4aYe,339,iad1,271,2048,,prj_0yEqZoYLeoFxe4GwUIxHZhtEU6iA,,,01KF7XG6H4JH5SX0K2DY4YMCV7,2Cej9zP7KEKH,1
2026-01-18 06:43:21,1768718601763,www.soulprintengine.ai/dashboard/welcome,GET,,200,jsqdt-1768718601763-0d2726dd137e,"Mozilla/5.0 (Windows NT 10.0; Win64; x64) AppleWebKit/537.36 (KHTML, like Gecko) Chrome/143.0.0.0 Safari/537.36",,production,main,MISS,middleware,middleware,www.soulprintengine.ai,soulprint-landing-r1pftpk1f-a55ets-projects.vercel.app,dpl_Dspn2uC9fYUFeRzCQ63KmNJc4aYe,507,iad1,146,2048,,prj_0yEqZoYLeoFxe4GwUIxHZhtEU6iA,,,01KF7XG3HRNZQY3GPCA5N7ZNHH,Uf1xx0b3Kewm,1
2026-01-18 06:43:21,1768718601763,www.soulprintengine.ai/dashboard/welcome,GET,,200,jsqdt-1768718601763-0d2726dd137e,"Mozilla/5.0 (Windows NT 10.0; Win64; x64) AppleWebKit/537.36 (KHTML, like Gecko) Chrome/143.0.0.0 Safari/537.36",,production,main,MISS,serverless,/dashboard/welcome,www.soulprintengine.ai,soulprint-landing-r1pftpk1f-a55ets-projects.vercel.app,dpl_Dspn2uC9fYUFeRzCQ63KmNJc4aYe,1151,iad1,277,2048,,prj_0yEqZoYLeoFxe4GwUIxHZhtEU6iA,,,01KF7XG42PM60F3B6VQCTYXVJM,2Cej9zP7KEKH,1
2026-01-18 06:43:18,1768718598644,www.soulprintengine.ai/auth/callback,GET,code=a3d44405-1c46-4d58-a6dd-ff3cf390b9eb,307,b2knd-1768718598644-208ecd46bbd5,"Mozilla/5.0 (Windows NT 10.0; Win64; x64) AppleWebKit/537.36 (KHTML, like Gecko) Chrome/143.0.0.0 Safari/537.36",,production,main,MISS,middleware,middleware,www.soulprintengine.ai,soulprint-landing-r1pftpk1f-a55ets-projects.vercel.app,dpl_Dspn2uC9fYUFeRzCQ63KmNJc4aYe,10,iad1,146,2048,,prj_0yEqZoYLeoFxe4GwUIxHZhtEU6iA,,,01KF7XG0G8Z2BGWJ6FT5JNQD4D,Uf1xx0b3Kewm,1
2026-01-18 06:43:18,1768718598644,www.soulprintengine.ai/auth/callback,GET,code=a3d44405-1c46-4d58-a6dd-ff3cf390b9eb,307,b2knd-1768718598644-208ecd46bbd5,"Mozilla/5.0 (Windows NT 10.0; Win64; x64) AppleWebKit/537.36 (KHTML, like Gecko) Chrome/143.0.0.0 Safari/537.36",,production,main,MISS,serverless,/auth/callback,www.soulprintengine.ai,soulprint-landing-r1pftpk1f-a55ets-projects.vercel.app,dpl_Dspn2uC9fYUFeRzCQ63KmNJc4aYe,2280,iad1,289,2048,,prj_0yEqZoYLeoFxe4GwUIxHZhtEU6iA,,,01KF7XG0MGZBEA726MQ1PFR313,HaScv1tJm0OW,1
2026-01-18 06:42:43,1768718563108,www.soulprintengine.ai/login,POST,,303,wnh85-1768718563108-4dbdcb17161e,"Mozilla/5.0 (Windows NT 10.0; Win64; x64) AppleWebKit/537.36 (KHTML, like Gecko) Chrome/143.0.0.0 Safari/537.36",,production,main,BYPASS,cache,/login,www.soulprintengine.ai,soulprint-landing-r1pftpk1f-a55ets-projects.vercel.app,dpl_Dspn2uC9fYUFeRzCQ63KmNJc4aYe,668,iad1,276,2048,,prj_0yEqZoYLeoFxe4GwUIxHZhtEU6iA,,,01KF7XEXY1F8DHDZKQGAGAK3PM,jijywxhEIhRn,1
2026-01-18 06:42:43,1768718563108,www.soulprintengine.ai/login,POST,,303,wnh85-1768718563108-4dbdcb17161e,"Mozilla/5.0 (Windows NT 10.0; Win64; x64) AppleWebKit/537.36 (KHTML, like Gecko) Chrome/143.0.0.0 Safari/537.36",,production,main,BYPASS,middleware,middleware,www.soulprintengine.ai,soulprint-landing-r1pftpk1f-a55ets-projects.vercel.app,dpl_Dspn2uC9fYUFeRzCQ63KmNJc4aYe,13,iad1,146,2048,,prj_0yEqZoYLeoFxe4GwUIxHZhtEU6iA,,,01KF7XEXSMKCN30PS36M2N8FVH,Uf1xx0b3Kewm,1
2026-01-18 06:42:43,1768718563108,www.soulprintengine.ai/login,POST,,303,wnh85-1768718563108-4dbdcb17161e,"Mozilla/5.0 (Windows NT 10.0; Win64; x64) AppleWebKit/537.36 (KHTML, like Gecko) Chrome/143.0.0.0 Safari/537.36",,production,main,BYPASS,static,/login,www.soulprintengine.ai,soulprint-landing-r1pftpk1f-a55ets-projects.vercel.app,dpl_Dspn2uC9fYUFeRzCQ63KmNJc4aYe,,cle1,,,,prj_0yEqZoYLeoFxe4GwUIxHZhtEU6iA,,,,,
2026-01-18 06:35:49,1768718149189,www.soulprintengine.ai/signup,GET,_rsc=1ijlu,200,8dnhr-1768718149189-d660ded018d9,"Mozilla/5.0 (Windows NT 10.0; Win64; x64) AppleWebKit/537.36 (KHTML, like Gecko) Chrome/143.0.0.0 Safari/537.36",,production,main,PRERENDER,middleware,middleware,www.soulprintengine.ai,soulprint-landing-r1pftpk1f-a55ets-projects.vercel.app,dpl_Dspn2uC9fYUFeRzCQ63KmNJc4aYe,10,iad1,145,2048,,prj_0yEqZoYLeoFxe4GwUIxHZhtEU6iA,,,01KF7X29JPHCHT8GRB1HSEHP19,hpgLr5ArJI1X,1
2026-01-18 06:35:49,1768718149189,www.soulprintengine.ai/signup,GET,_rsc=1ijlu,200,8dnhr-1768718149189-d660ded018d9,"Mozilla/5.0 (Windows NT 10.0; Win64; x64) AppleWebKit/537.36 (KHTML, like Gecko) Chrome/143.0.0.0 Safari/537.36",,production,main,PRERENDER,static,/signup.segments/signup.segment,www.soulprintengine.ai,soulprint-landing-r1pftpk1f-a55ets-projects.vercel.app,dpl_Dspn2uC9fYUFeRzCQ63KmNJc4aYe,162,cle1,,,,prj_0yEqZoYLeoFxe4GwUIxHZhtEU6iA,,,,,
2026-01-18 06:35:49,1768718149189,www.soulprintengine.ai/signup,GET,_rsc=yuv3p,200,5lsl2-1768718149189-8f46a25e01ac,"Mozilla/5.0 (Windows NT 10.0; Win64; x64) AppleWebKit/537.36 (KHTML, like Gecko) Chrome/143.0.0.0 Safari/537.36",,production,main,PRERENDER,middleware,middleware,www.soulprintengine.ai,soulprint-landing-r1pftpk1f-a55ets-projects.vercel.app,dpl_Dspn2uC9fYUFeRzCQ63KmNJc4aYe,11,iad1,145,2048,,prj_0yEqZoYLeoFxe4GwUIxHZhtEU6iA,,,01KF7X29K81KD89QE1C5FD7YRT,hpgLr5ArJI1X,1
2026-01-18 06:35:49,1768718149189,www.soulprintengine.ai/signup,GET,_rsc=yuv3p,200,5lsl2-1768718149189-8f46a25e01ac,"Mozilla/5.0 (Windows NT 10.0; Win64; x64) AppleWebKit/537.36 (KHTML, like Gecko) Chrome/143.0.0.0 Safari/537.36",,production,main,PRERENDER,static,/signup.segments/signup/__PAGE__.segment,www.soulprintengine.ai,soulprint-landing-r1pftpk1f-a55ets-projects.vercel.app,dpl_Dspn2uC9fYUFeRzCQ63KmNJc4aYe,189,cle1,,,,prj_0yEqZoYLeoFxe4GwUIxHZhtEU6iA,,,,,
2026-01-18 06:35:49,1768718149189,www.soulprintengine.ai/signup,GET,_rsc=m8m8p,200,5h225-1768718149189-eb80a36107ea,"Mozilla/5.0 (Windows NT 10.0; Win64; x64) AppleWebKit/537.36 (KHTML, like Gecko) Chrome/143.0.0.0 Safari/537.36",,production,main,PRERENDER,middleware,middleware,www.soulprintengine.ai,soulprint-landing-r1pftpk1f-a55ets-projects.vercel.app,dpl_Dspn2uC9fYUFeRzCQ63KmNJc4aYe,38,iad1,146,2048,,prj_0yEqZoYLeoFxe4GwUIxHZhtEU6iA,,,01KF7X29JSHSN37YNEGCX7F1W1,Uf1xx0b3Kewm,1
2026-01-18 06:35:49,1768718149189,www.soulprintengine.ai/signup,GET,_rsc=m8m8p,200,5h225-1768718149189-eb80a36107ea,"Mozilla/5.0 (Windows NT 10.0; Win64; x64) AppleWebKit/537.36 (KHTML, like Gecko) Chrome/143.0.0.0 Safari/537.36",,production,main,PRERENDER,static,/signup.segments/_head.segment,www.soulprintengine.ai,soulprint-landing-r1pftpk1f-a55ets-projects.vercel.app,dpl_Dspn2uC9fYUFeRzCQ63KmNJc4aYe,,cle1,,,,prj_0yEqZoYLeoFxe4GwUIxHZhtEU6iA,,,,,
2026-01-18 06:35:49,1768718149001,www.soulprintengine.ai/signup,GET,_rsc=17yrj,200,xml7v-1768718149001-e4800e834872,"Mozilla/5.0 (Windows NT 10.0; Win64; x64) AppleWebKit/537.36 (KHTML, like Gecko) Chrome/143.0.0.0 Safari/537.36",,production,main,PRERENDER,middleware,middleware,www.soulprintengine.ai,soulprint-landing-r1pftpk1f-a55ets-projects.vercel.app,dpl_Dspn2uC9fYUFeRzCQ63KmNJc4aYe,11,iad1,145,2048,,prj_0yEqZoYLeoFxe4GwUIxHZhtEU6iA,,,01KF7X29CNGYDH91Z2YQQYK5KT,hpgLr5ArJI1X,1
2026-01-18 06:35:49,1768718149001,www.soulprintengine.ai/signup,GET,_rsc=17yrj,200,xml7v-1768718149001-e4800e834872,"Mozilla/5.0 (Windows NT 10.0; Win64; x64) AppleWebKit/537.36 (KHTML, like Gecko) Chrome/143.0.0.0 Safari/537.36",,production,main,PRERENDER,static,/signup.segments/_tree.segment,www.soulprintengine.ai,soulprint-landing-r1pftpk1f-a55ets-projects.vercel.app,dpl_Dspn2uC9fYUFeRzCQ63KmNJc4aYe,145,cle1,,,,prj_0yEqZoYLeoFxe4GwUIxHZhtEU6iA,,,,,
2026-01-18 06:35:48,1768718148838,www.soulprintengine.ai/login,GET,_rsc=1a1l6,200,ttkl4-1768718148838-ac2c7fe47dff,"Mozilla/5.0 (Windows NT 10.0; Win64; x64) AppleWebKit/537.36 (KHTML, like Gecko) Chrome/143.0.0.0 Safari/537.36",,production,main,HIT,middleware,middleware,www.soulprintengine.ai,soulprint-landing-r1pftpk1f-a55ets-projects.vercel.app,dpl_Dspn2uC9fYUFeRzCQ63KmNJc4aYe,10,iad1,145,2048,,prj_0yEqZoYLeoFxe4GwUIxHZhtEU6iA,,,01KF7X297JYFATZ1ZCY50ZSA4A,hpgLr5ArJI1X,1
2026-01-18 06:35:48,1768718148838,www.soulprintengine.ai/login,GET,_rsc=1a1l6,200,ttkl4-1768718148838-ac2c7fe47dff,"Mozilla/5.0 (Windows NT 10.0; Win64; x64) AppleWebKit/537.36 (KHTML, like Gecko) Chrome/143.0.0.0 Safari/537.36",,production,main,HIT,static,/login,www.soulprintengine.ai,soulprint-landing-r1pftpk1f-a55ets-projects.vercel.app,dpl_Dspn2uC9fYUFeRzCQ63KmNJc4aYe,38,cle1,,,,prj_0yEqZoYLeoFxe4GwUIxHZhtEU6iA,,,,,
2026-01-18 06:35:48,1768718148615,www.soulprintengine.ai/login,GET,_rsc=vusbg,200,fq4gc-1768718148615-041d0bc240d0,"Mozilla/5.0 (Windows NT 10.0; Win64; x64) AppleWebKit/537.36 (KHTML, like Gecko) Chrome/143.0.0.0 Safari/537.36",,production,main,PRERENDER,middleware,middleware,www.soulprintengine.ai,soulprint-landing-r1pftpk1f-a55ets-projects.vercel.app,dpl_Dspn2uC9fYUFeRzCQ63KmNJc4aYe,16,iad1,145,2048,,prj_0yEqZoYLeoFxe4GwUIxHZhtEU6iA,,,01KF7X290WJYVQVNMA62K5AS66,hpgLr5ArJI1X,1
2026-01-18 06:35:48,1768718148615,www.soulprintengine.ai/login,GET,_rsc=vusbg,200,fq4gc-1768718148615-041d0bc240d0,"Mozilla/5.0 (Windows NT 10.0; Win64; x64) AppleWebKit/537.36 (KHTML, like Gecko) Chrome/143.0.0.0 Safari/537.36",,production,main,PRERENDER,static,/login,www.soulprintengine.ai,soulprint-landing-r1pftpk1f-a55ets-projects.vercel.app,dpl_Dspn2uC9fYUFeRzCQ63KmNJc4aYe,178,cle1,,,,prj_0yEqZoYLeoFxe4GwUIxHZhtEU6iA,,,,,
2026-01-18 06:35:38,1768718138010,www.soulprintengine.ai/,GET,_rsc=ivliq,200,fq4gc-1768718138010-05d8684f7fe6,"Mozilla/5.0 (Windows NT 10.0; Win64; x64) AppleWebKit/537.36 (KHTML, like Gecko) Chrome/143.0.0.0 Safari/537.36",,production,main,PRERENDER,middleware,middleware,www.soulprintengine.ai,soulprint-landing-r1pftpk1f-a55ets-projects.vercel.app,dpl_Dspn2uC9fYUFeRzCQ63KmNJc4aYe,36,iad1,145,2048,,prj_0yEqZoYLeoFxe4GwUIxHZhtEU6iA,,,01KF7X1YN4R5BG0ZZRN75J145D,hpgLr5ArJI1X,1
2026-01-18 06:35:38,1768718138010,www.soulprintengine.ai/,GET,_rsc=ivliq,200,fq4gc-1768718138010-05d8684f7fe6,"Mozilla/5.0 (Windows NT 10.0; Win64; x64) AppleWebKit/537.36 (KHTML, like Gecko) Chrome/143.0.0.0 Safari/537.36",,production,main,PRERENDER,static,/index.segments/__PAGE__.segment,www.soulprintengine.ai,soulprint-landing-r1pftpk1f-a55ets-projects.vercel.app,dpl_Dspn2uC9fYUFeRzCQ63KmNJc4aYe,,cle1,,,,prj_0yEqZoYLeoFxe4GwUIxHZhtEU6iA,,,,,
2026-01-18 06:35:38,1768718138010,www.soulprintengine.ai/,GET,_rsc=1pn8p,200,9xlj2-1768718138010-2e6b6f354203,"Mozilla/5.0 (Windows NT 10.0; Win64; x64) AppleWebKit/537.36 (KHTML, like Gecko) Chrome/143.0.0.0 Safari/537.36",,production,main,PRERENDER,middleware,middleware,www.soulprintengine.ai,soulprint-landing-r1pftpk1f-a55ets-projects.vercel.app,dpl_Dspn2uC9fYUFeRzCQ63KmNJc4aYe,10,iad1,146,2048,,prj_0yEqZoYLeoFxe4GwUIxHZhtEU6iA,,,01KF7X1YN39V48G3R0Z52MNXGT,Uf1xx0b3Kewm,1
2026-01-18 06:35:38,1768718138010,www.soulprintengine.ai/,GET,_rsc=1pn8p,200,9xlj2-1768718138010-2e6b6f354203,"Mozilla/5.0 (Windows NT 10.0; Win64; x64) AppleWebKit/537.36 (KHTML, like Gecko) Chrome/143.0.0.0 Safari/537.36",,production,main,PRERENDER,static,/index.segments/_head.segment,www.soulprintengine.ai,soulprint-landing-r1pftpk1f-a55ets-projects.vercel.app,dpl_Dspn2uC9fYUFeRzCQ63KmNJc4aYe,,cle1,,,,prj_0yEqZoYLeoFxe4GwUIxHZhtEU6iA,,,,,
2026-01-18 06:35:37,1768718137779,www.soulprintengine.ai/,GET,_rsc=1r34m,200,9xlj2-1768718137779-bddf16e35c73,"Mozilla/5.0 (Windows NT 10.0; Win64; x64) AppleWebKit/537.36 (KHTML, like Gecko) Chrome/143.0.0.0 Safari/537.36",,production,main,PRERENDER,middleware,middleware,www.soulprintengine.ai,soulprint-landing-r1pftpk1f-a55ets-projects.vercel.app,dpl_Dspn2uC9fYUFeRzCQ63KmNJc4aYe,11,iad1,146,2048,,prj_0yEqZoYLeoFxe4GwUIxHZhtEU6iA,,,01KF7X1YE31J008GSGZQ9071NC,Uf1xx0b3Kewm,1
2026-01-18 06:35:37,1768718137779,www.soulprintengine.ai/,GET,_rsc=1r34m,200,9xlj2-1768718137779-bddf16e35c73,"Mozilla/5.0 (Windows NT 10.0; Win64; x64) AppleWebKit/537.36 (KHTML, like Gecko) Chrome/143.0.0.0 Safari/537.36",,production,main,PRERENDER,static,/index.segments/_tree.segment,www.soulprintengine.ai,soulprint-landing-r1pftpk1f-a55ets-projects.vercel.app,dpl_Dspn2uC9fYUFeRzCQ63KmNJc4aYe,,cle1,,,,prj_0yEqZoYLeoFxe4GwUIxHZhtEU6iA,,,,,
2026-01-18 06:35:37,1768718137557,www.soulprintengine.ai/,GET,_rsc=114vl,200,bcbc9-1768718137557-a73c7f1f50a3,"Mozilla/5.0 (Windows NT 10.0; Win64; x64) AppleWebKit/537.36 (KHTML, like Gecko) Chrome/143.0.0.0 Safari/537.36",,production,main,HIT,middleware,middleware,www.soulprintengine.ai,soulprint-landing-r1pftpk1f-a55ets-projects.vercel.app,dpl_Dspn2uC9fYUFeRzCQ63KmNJc4aYe,11,iad1,146,2048,,prj_0yEqZoYLeoFxe4GwUIxHZhtEU6iA,,,01KF7X1Y77HK8Y14E9MBX0HPAH,Uf1xx0b3Kewm,1
2026-01-18 06:35:37,1768718137557,www.soulprintengine.ai/,GET,_rsc=114vl,200,bcbc9-1768718137557-a73c7f1f50a3,"Mozilla/5.0 (Windows NT 10.0; Win64; x64) AppleWebKit/537.36 (KHTML, like Gecko) Chrome/143.0.0.0 Safari/537.36",,production,main,HIT,static,/index,www.soulprintengine.ai,soulprint-landing-r1pftpk1f-a55ets-projects.vercel.app,dpl_Dspn2uC9fYUFeRzCQ63KmNJc4aYe,47,cle1,,,,prj_0yEqZoYLeoFxe4GwUIxHZhtEU6iA,,,,,
2026-01-18 06:35:37,1768718137285,www.soulprintengine.ai/,GET,_rsc=1cqof,200,cxsfg-1768718137285-5d6cf6508230,"Mozilla/5.0 (Windows NT 10.0; Win64; x64) AppleWebKit/537.36 (KHTML, like Gecko) Chrome/143.0.0.0 Safari/537.36",,production,main,PRERENDER,middleware,middleware,www.soulprintengine.ai,soulprint-landing-r1pftpk1f-a55ets-projects.vercel.app,dpl_Dspn2uC9fYUFeRzCQ63KmNJc4aYe,51,iad1,146,2048,,prj_0yEqZoYLeoFxe4GwUIxHZhtEU6iA,,,01KF7X1XYFT6J339YEWVS59MMJ,Uf1xx0b3Kewm,1
2026-01-18 06:35:37,1768718137285,www.soulprintengine.ai/,GET,_rsc=1cqof,200,cxsfg-1768718137285-5d6cf6508230,"Mozilla/5.0 (Windows NT 10.0; Win64; x64) AppleWebKit/537.36 (KHTML, like Gecko) Chrome/143.0.0.0 Safari/537.36",,production,main,PRERENDER,static,/index,www.soulprintengine.ai,soulprint-landing-r1pftpk1f-a55ets-projects.vercel.app,dpl_Dspn2uC9fYUFeRzCQ63KmNJc4aYe,,cle1,,,,prj_0yEqZoYLeoFxe4GwUIxHZhtEU6iA,,,,,
2026-01-18 06:35:30,1768718130738,www.soulprintengine.ai/questionnaire/new,GET,_rsc=1pick,200,jpzh8-1768718130738-00247d8d32cb,"Mozilla/5.0 (Windows NT 10.0; Win64; x64) AppleWebKit/537.36 (KHTML, like Gecko) Chrome/143.0.0.0 Safari/537.36",,production,main,PRERENDER,middleware,middleware,www.soulprintengine.ai,soulprint-landing-r1pftpk1f-a55ets-projects.vercel.app,dpl_Dspn2uC9fYUFeRzCQ63KmNJc4aYe,264,iad1,112,2048,,prj_0yEqZoYLeoFxe4GwUIxHZhtEU6iA,,,01KF7X1NARDHKQ0VV6RHVCJXBM,Uf1xx0b3Kewm,3
2026-01-18 06:35:30,1768718130738,www.soulprintengine.ai/questionnaire/new,GET,_rsc=1pick,200,jpzh8-1768718130738-00247d8d32cb,"Mozilla/5.0 (Windows NT 10.0; Win64; x64) AppleWebKit/537.36 (KHTML, like Gecko) Chrome/143.0.0.0 Safari/537.36",,production,main,PRERENDER,static,/questionnaire/new.segments/questionnaire/new/__PAGE__.segment,www.soulprintengine.ai,soulprint-landing-r1pftpk1f-a55ets-projects.vercel.app,dpl_Dspn2uC9fYUFeRzCQ63KmNJc4aYe,419,cle1,,,,prj_0yEqZoYLeoFxe4GwUIxHZhtEU6iA,,,,,
2026-01-18 06:35:30,1768718130688,www.soulprintengine.ai/questionnaire/new,GET,_rsc=1k5gq,200,hck2h-1768718130688-939dcacd9b79,"Mozilla/5.0 (Windows NT 10.0; Win64; x64) AppleWebKit/537.36 (KHTML, like Gecko) Chrome/143.0.0.0 Safari/537.36",,production,main,PRERENDER,middleware,middleware,www.soulprintengine.ai,soulprint-landing-r1pftpk1f-a55ets-projects.vercel.app,dpl_Dspn2uC9fYUFeRzCQ63KmNJc4aYe,456,iad1,112,2048,,prj_0yEqZoYLeoFxe4GwUIxHZhtEU6iA,,,01KF7X1NARDHKQ0VV6RHVCJXBM,Uf1xx0b3Kewm,3
2026-01-18 06:35:30,1768718130688,www.soulprintengine.ai/questionnaire/new,GET,_rsc=1k5gq,200,hck2h-1768718130688-939dcacd9b79,"Mozilla/5.0 (Windows NT 10.0; Win64; x64) AppleWebKit/537.36 (KHTML, like Gecko) Chrome/143.0.0.0 Safari/537.36",,production,main,PRERENDER,static,/questionnaire/new.segments/questionnaire/new.segment,www.soulprintengine.ai,soulprint-landing-r1pftpk1f-a55ets-projects.vercel.app,dpl_Dspn2uC9fYUFeRzCQ63KmNJc4aYe,672,cle1,,,,prj_0yEqZoYLeoFxe4GwUIxHZhtEU6iA,,,,,
2026-01-18 06:35:30,1768718130647,www.soulprintengine.ai/questionnaire/new,GET,_rsc=1i4he,200,f4jr5-1768718130647-f7df3d6f0ab1,"Mozilla/5.0 (Windows NT 10.0; Win64; x64) AppleWebKit/537.36 (KHTML, like Gecko) Chrome/143.0.0.0 Safari/537.36",,production,main,PRERENDER,middleware,middleware,www.soulprintengine.ai,soulprint-landing-r1pftpk1f-a55ets-projects.vercel.app,dpl_Dspn2uC9fYUFeRzCQ63KmNJc4aYe,277,iad1,111,2048,,prj_0yEqZoYLeoFxe4GwUIxHZhtEU6iA,,,01KF7X1NARDHKQ0VV6RHVCJXBM,Uf1xx0b3Kewm,3
2026-01-18 06:35:30,1768718130647,www.soulprintengine.ai/questionnaire/new,GET,_rsc=1i4he,200,f4jr5-1768718130647-f7df3d6f0ab1,"Mozilla/5.0 (Windows NT 10.0; Win64; x64) AppleWebKit/537.36 (KHTML, like Gecko) Chrome/143.0.0.0 Safari/537.36",,production,main,PRERENDER,static,/questionnaire/new.segments/questionnaire.segment,www.soulprintengine.ai,soulprint-landing-r1pftpk1f-a55ets-projects.vercel.app,dpl_Dspn2uC9fYUFeRzCQ63KmNJc4aYe,,cle1,,,,prj_0yEqZoYLeoFxe4GwUIxHZhtEU6iA,,,,,
2026-01-18 06:35:30,1768718130379,www.soulprintengine.ai/dashboard/chat,GET,_rsc=kgh06,200,zjkn6-1768718130379-014102d431a8,"Mozilla/5.0 (Windows NT 10.0; Win64; x64) AppleWebKit/537.36 (KHTML, like Gecko) Chrome/143.0.0.0 Safari/537.36",,production,main,MISS,middleware,middleware,www.soulprintengine.ai,soulprint-landing-r1pftpk1f-a55ets-projects.vercel.app,dpl_Dspn2uC9fYUFeRzCQ63KmNJc4aYe,253,iad1,108,2048,,prj_0yEqZoYLeoFxe4GwUIxHZhtEU6iA,,,01KF7X1Q0T8VZ2SVCFE0S1PF5K,hpgLr5ArJI1X,2
2026-01-18 06:35:30,1768718130379,www.soulprintengine.ai/dashboard/chat,GET,_rsc=kgh06,200,zjkn6-1768718130379-014102d431a8,"Mozilla/5.0 (Windows NT 10.0; Win64; x64) AppleWebKit/537.36 (KHTML, like Gecko) Chrome/143.0.0.0 Safari/537.36",,production,main,MISS,serverless,/dashboard/chat.rsc,www.soulprintengine.ai,soulprint-landing-r1pftpk1f-a55ets-projects.vercel.app,dpl_Dspn2uC9fYUFeRzCQ63KmNJc4aYe,13,iad1,287,2048,,prj_0yEqZoYLeoFxe4GwUIxHZhtEU6iA,,,01KF7X1QF9WNM7MF48WGNY5S1Y,EVTnstu1JEc2,1
2026-01-18 06:35:30,1768718130190,www.soulprintengine.ai/questionnaire/new,GET,_rsc=1bsa8,200,f4jr5-1768718130190-a626835ba5f3,"Mozilla/5.0 (Windows NT 10.0; Win64; x64) AppleWebKit/537.36 (KHTML, like Gecko) Chrome/143.0.0.0 Safari/537.36",,production,main,PRERENDER,middleware,middleware,www.soulprintengine.ai,soulprint-landing-r1pftpk1f-a55ets-projects.vercel.app,dpl_Dspn2uC9fYUFeRzCQ63KmNJc4aYe,264,iad1,145,2048,,prj_0yEqZoYLeoFxe4GwUIxHZhtEU6iA,,,01KF7X1Q0T8VZ2SVCFE0S1PF5K,hpgLr5ArJI1X,2
2026-01-18 06:35:30,1768718130190,www.soulprintengine.ai/questionnaire/new,GET,_rsc=1bsa8,200,f4jr5-1768718130190-a626835ba5f3,"Mozilla/5.0 (Windows NT 10.0; Win64; x64) AppleWebKit/537.36 (KHTML, like Gecko) Chrome/143.0.0.0 Safari/537.36",,production,main,PRERENDER,static,/questionnaire/new.segments/_index.segment,www.soulprintengine.ai,soulprint-landing-r1pftpk1f-a55ets-projects.vercel.app,dpl_Dspn2uC9fYUFeRzCQ63KmNJc4aYe,,cle1,,,,prj_0yEqZoYLeoFxe4GwUIxHZhtEU6iA,,,,,
2026-01-18 06:35:30,1768718130189,www.soulprintengine.ai/questionnaire/new,GET,_rsc=13gcm,200,qs82q-1768718130189-ce471578f1e3,"Mozilla/5.0 (Windows NT 10.0; Win64; x64) AppleWebKit/537.36 (KHTML, like Gecko) Chrome/143.0.0.0 Safari/537.36",,production,main,PRERENDER,middleware,middleware,www.soulprintengine.ai,soulprint-landing-r1pftpk1f-a55ets-projects.vercel.app,dpl_Dspn2uC9fYUFeRzCQ63KmNJc4aYe,515,iad1,111,2048,,prj_0yEqZoYLeoFxe4GwUIxHZhtEU6iA,,,01KF7X1NARDHKQ0VV6RHVCJXBM,Uf1xx0b3Kewm,4
2026-01-18 06:35:30,1768718130189,www.soulprintengine.ai/questionnaire/new,GET,_rsc=13gcm,200,qs82q-1768718130189-ce471578f1e3,"Mozilla/5.0 (Windows NT 10.0; Win64; x64) AppleWebKit/537.36 (KHTML, like Gecko) Chrome/143.0.0.0 Safari/537.36",,production,main,PRERENDER,static,/questionnaire/new.segments/_head.segment,www.soulprintengine.ai,soulprint-landing-r1pftpk1f-a55ets-projects.vercel.app,dpl_Dspn2uC9fYUFeRzCQ63KmNJc4aYe,,cle1,,,,prj_0yEqZoYLeoFxe4GwUIxHZhtEU6iA,,,,,
2026-01-18 06:35:30,1768718130081,www.soulprintengine.ai/dashboard/profile,GET,_rsc=kgh06,200,fw4q4-1768718130081-88f168e11e72,"Mozilla/5.0 (Windows NT 10.0; Win64; x64) AppleWebKit/537.36 (KHTML, like Gecko) Chrome/143.0.0.0 Safari/537.36",,production,main,MISS,middleware,middleware,www.soulprintengine.ai,soulprint-landing-r1pftpk1f-a55ets-projects.vercel.app,dpl_Dspn2uC9fYUFeRzCQ63KmNJc4aYe,453,iad1,110,2048,,prj_0yEqZoYLeoFxe4GwUIxHZhtEU6iA,,,01KF7X1NARDHKQ0VV6RHVCJXBM,Uf1xx0b3Kewm,4
2026-01-18 06:35:30,1768718130081,www.soulprintengine.ai/dashboard/profile,GET,_rsc=kgh06,200,fw4q4-1768718130081-88f168e11e72,"Mozilla/5.0 (Windows NT 10.0; Win64; x64) AppleWebKit/537.36 (KHTML, like Gecko) Chrome/143.0.0.0 Safari/537.36",,production,main,MISS,serverless,/dashboard/profile.rsc,www.soulprintengine.ai,soulprint-landing-r1pftpk1f-a55ets-projects.vercel.app,dpl_Dspn2uC9fYUFeRzCQ63KmNJc4aYe,19,iad1,287,2048,,prj_0yEqZoYLeoFxe4GwUIxHZhtEU6iA,,,01KF7X1QC7Z7GMQBSFZA7WZPA2,EVTnstu1JEc2,1
2026-01-18 06:35:30,1768718130001,www.soulprintengine.ai/dashboard/bot,GET,_rsc=kgh06,200,zjkn6-1768718130001-d42050444e47,"Mozilla/5.0 (Windows NT 10.0; Win64; x64) AppleWebKit/537.36 (KHTML, like Gecko) Chrome/143.0.0.0 Safari/537.36",,production,main,MISS,middleware,middleware,www.soulprintengine.ai,soulprint-landing-r1pftpk1f-a55ets-projects.vercel.app,dpl_Dspn2uC9fYUFeRzCQ63KmNJc4aYe,263,iad1,109,2048,,prj_0yEqZoYLeoFxe4GwUIxHZhtEU6iA,,,01KF7X1NARDHKQ0VV6RHVCJXBM,Uf1xx0b3Kewm,4
2026-01-18 06:35:30,1768718130001,www.soulprintengine.ai/dashboard/bot,GET,_rsc=kgh06,200,zjkn6-1768718130001-d42050444e47,"Mozilla/5.0 (Windows NT 10.0; Win64; x64) AppleWebKit/537.36 (KHTML, like Gecko) Chrome/143.0.0.0 Safari/537.36",,production,main,MISS,serverless,/dashboard/bot.rsc,www.soulprintengine.ai,soulprint-landing-r1pftpk1f-a55ets-projects.vercel.app,dpl_Dspn2uC9fYUFeRzCQ63KmNJc4aYe,12,iad1,285,2048,,prj_0yEqZoYLeoFxe4GwUIxHZhtEU6iA,,,01KF7X1PRCKWR3J9C88T2YPGPZ,EVTnstu1JEc2,2
2026-01-18 06:35:29,1768718129785,www.soulprintengine.ai/dashboard/chat,GET,_rsc=1e4zd,200,gtrk6-1768718129785-07cc0e4095ff,"Mozilla/5.0 (Windows NT 10.0; Win64; x64) AppleWebKit/537.36 (KHTML, like Gecko) Chrome/143.0.0.0 Safari/537.36",,production,main,MISS,middleware,middleware,www.soulprintengine.ai,soulprint-landing-r1pftpk1f-a55ets-projects.vercel.app,dpl_Dspn2uC9fYUFeRzCQ63KmNJc4aYe,506,iad1,109,2048,,prj_0yEqZoYLeoFxe4GwUIxHZhtEU6iA,,,01KF7X1NARDHKQ0VV6RHVCJXBM,Uf1xx0b3Kewm,4
2026-01-18 06:35:29,1768718129785,www.soulprintengine.ai/dashboard/chat,GET,_rsc=1e4zd,200,gtrk6-1768718129785-07cc0e4095ff,"Mozilla/5.0 (Windows NT 10.0; Win64; x64) AppleWebKit/537.36 (KHTML, like Gecko) Chrome/143.0.0.0 Safari/537.36",,production,main,MISS,serverless,/dashboard/chat.rsc,www.soulprintengine.ai,soulprint-landing-r1pftpk1f-a55ets-projects.vercel.app,dpl_Dspn2uC9fYUFeRzCQ63KmNJc4aYe,5,iad1,285,2048,,prj_0yEqZoYLeoFxe4GwUIxHZhtEU6iA,,,01KF7X1PRCKWR3J9C88T2YPGPZ,EVTnstu1JEc2,2
2026-01-18 06:35:29,1768718129723,www.soulprintengine.ai/dashboard/profile,GET,_rsc=1e4zd,200,72f6k-1768718129723-039ccab07629,"Mozilla/5.0 (Windows NT 10.0; Win64; x64) AppleWebKit/537.36 (KHTML, like Gecko) Chrome/143.0.0.0 Safari/537.36",,production,main,MISS,serverless,/dashboard/profile.rsc,www.soulprintengine.ai,soulprint-landing-r1pftpk1f-a55ets-projects.vercel.app,dpl_Dspn2uC9fYUFeRzCQ63KmNJc4aYe,9,iad1,284,2048,,prj_0yEqZoYLeoFxe4GwUIxHZhtEU6iA,,,01KF7X1PRCKWR3J9C88T2YPGPZ,EVTnstu1JEc2,2
2026-01-18 06:35:29,1768718129723,www.soulprintengine.ai/dashboard/profile,GET,_rsc=1e4zd,200,72f6k-1768718129723-039ccab07629,"Mozilla/5.0 (Windows NT 10.0; Win64; x64) AppleWebKit/537.36 (KHTML, like Gecko) Chrome/143.0.0.0 Safari/537.36",,production,main,MISS,middleware,middleware,www.soulprintengine.ai,soulprint-landing-r1pftpk1f-a55ets-projects.vercel.app,dpl_Dspn2uC9fYUFeRzCQ63KmNJc4aYe,268,iad1,109,2048,,prj_0yEqZoYLeoFxe4GwUIxHZhtEU6iA,,,01KF7X1NBS8W0T2BCF7THCQH0R,hpgLr5ArJI1X,2
2026-01-18 06:35:29,1768718129518,www.soulprintengine.ai/dashboard/welcome,POST,,200,qs82q-1768718129518-ce37b40db3b1,"Mozilla/5.0 (Windows NT 10.0; Win64; x64) AppleWebKit/537.36 (KHTML, like Gecko) Chrome/143.0.0.0 Safari/537.36",,production,main,MISS,serverless,/dashboard/welcome,www.soulprintengine.ai,soulprint-landing-r1pftpk1f-a55ets-projects.vercel.app,dpl_Dspn2uC9fYUFeRzCQ63KmNJc4aYe,22,iad1,280,2048,,prj_0yEqZoYLeoFxe4GwUIxHZhtEU6iA,,,01KF7X1PQ8M062P09BHS9Z3X2S,EVTnstu1JEc2,1
2026-01-18 06:35:29,1768718129518,www.soulprintengine.ai/dashboard/welcome,POST,,200,qs82q-1768718129518-ce37b40db3b1,"Mozilla/5.0 (Windows NT 10.0; Win64; x64) AppleWebKit/537.36 (KHTML, like Gecko) Chrome/143.0.0.0 Safari/537.36",,production,main,MISS,middleware,middleware,www.soulprintengine.ai,soulprint-landing-r1pftpk1f-a55ets-projects.vercel.app,dpl_Dspn2uC9fYUFeRzCQ63KmNJc4aYe,280,iad1,112,2048,,prj_0yEqZoYLeoFxe4GwUIxHZhtEU6iA,,,01KF7X1NB1N7KG1YCHFXMNC3X0,Hl5gudDKsTNm,3
2026-01-18 06:35:29,1768718129228,www.soulprintengine.ai/dashboard/settings,GET,_rsc=15moa,200,b4pmw-1768718129228-ac440a73a834,"Mozilla/5.0 (Windows NT 10.0; Win64; x64) AppleWebKit/537.36 (KHTML, like Gecko) Chrome/143.0.0.0 Safari/537.36",,production,main,MISS,serverless,/dashboard/settings.rsc,www.soulprintengine.ai,soulprint-landing-r1pftpk1f-a55ets-projects.vercel.app,dpl_Dspn2uC9fYUFeRzCQ63KmNJc4aYe,13,iad1,282,2048,,prj_0yEqZoYLeoFxe4GwUIxHZhtEU6iA,,,01KF7X1PR6JGZQ3A51GE8KWK6G,EVTnstu1JEc2,1
2026-01-18 06:35:29,1768718129228,www.soulprintengine.ai/dashboard/settings,GET,_rsc=15moa,200,b4pmw-1768718129228-ac440a73a834,"Mozilla/5.0 (Windows NT 10.0; Win64; x64) AppleWebKit/537.36 (KHTML, like Gecko) Chrome/143.0.0.0 Safari/537.36",,production,main,MISS,middleware,middleware,www.soulprintengine.ai,soulprint-landing-r1pftpk1f-a55ets-projects.vercel.app,dpl_Dspn2uC9fYUFeRzCQ63KmNJc4aYe,669,iad1,112,2048,,prj_0yEqZoYLeoFxe4GwUIxHZhtEU6iA,,,01KF7X1NB1N7KG1YCHFXMNC3X0,Hl5gudDKsTNm,3
2026-01-18 06:35:29,1768718129026,www.soulprintengine.ai/dashboard/welcome,GET,_rsc=1h1b5,200,5lsl2-1768718129026-9faea0ecad1e,"Mozilla/5.0 (Windows NT 10.0; Win64; x64) AppleWebKit/537.36 (KHTML, like Gecko) Chrome/143.0.0.0 Safari/537.36",,production,main,MISS,serverless,/dashboard/welcome.rsc,www.soulprintengine.ai,soulprint-landing-r1pftpk1f-a55ets-projects.vercel.app,dpl_Dspn2uC9fYUFeRzCQ63KmNJc4aYe,31,iad1,279,2048,,prj_0yEqZoYLeoFxe4GwUIxHZhtEU6iA,,,01KF7X1P8NV6MMEN4YD65PQF0P,EVTnstu1JEc2,1
2026-01-18 06:35:29,1768718129026,www.soulprintengine.ai/dashboard/welcome,GET,_rsc=1h1b5,200,5lsl2-1768718129026-9faea0ecad1e,"Mozilla/5.0 (Windows NT 10.0; Win64; x64) AppleWebKit/537.36 (KHTML, like Gecko) Chrome/143.0.0.0 Safari/537.36",,production,main,MISS,middleware,middleware,www.soulprintengine.ai,soulprint-landing-r1pftpk1f-a55ets-projects.vercel.app,dpl_Dspn2uC9fYUFeRzCQ63KmNJc4aYe,280,iad1,111,2048,,prj_0yEqZoYLeoFxe4GwUIxHZhtEU6iA,,,01KF7X1NB1N7KG1YCHFXMNC3X0,Hl5gudDKsTNm,3
2026-01-18 06:35:28,1768718128997,www.soulprintengine.ai/questionnaire/new,GET,_rsc=18t7j,200,72f6k-1768718128997-fa90ca0187d5,"Mozilla/5.0 (Windows NT 10.0; Win64; x64) AppleWebKit/537.36 (KHTML, like Gecko) Chrome/143.0.0.0 Safari/537.36",,production,main,PRERENDER,middleware,middleware,www.soulprintengine.ai,soulprint-landing-r1pftpk1f-a55ets-projects.vercel.app,dpl_Dspn2uC9fYUFeRzCQ63KmNJc4aYe,540,iad1,112,2048,,prj_0yEqZoYLeoFxe4GwUIxHZhtEU6iA,,,01KF7X1NB1N7KG1YCHFXMNC3X0,Hl5gudDKsTNm,3
2026-01-18 06:35:28,1768718128997,www.soulprintengine.ai/questionnaire/new,GET,_rsc=18t7j,200,72f6k-1768718128997-fa90ca0187d5,"Mozilla/5.0 (Windows NT 10.0; Win64; x64) AppleWebKit/537.36 (KHTML, like Gecko) Chrome/143.0.0.0 Safari/537.36",,production,main,PRERENDER,static,/questionnaire/new.segments/_tree.segment,www.soulprintengine.ai,soulprint-landing-r1pftpk1f-a55ets-projects.vercel.app,dpl_Dspn2uC9fYUFeRzCQ63KmNJc4aYe,682,cle1,,,,prj_0yEqZoYLeoFxe4GwUIxHZhtEU6iA,,,,,
2026-01-18 06:35:28,1768718128516,www.soulprintengine.ai/dashboard/bot,GET,_rsc=18t7j,200,qs82q-1768718128516-a1983b31aac5,"Mozilla/5.0 (Windows NT 10.0; Win64; x64) AppleWebKit/537.36 (KHTML, like Gecko) Chrome/143.0.0.0 Safari/537.36",,production,main,MISS,serverless,/dashboard/bot.rsc,www.soulprintengine.ai,soulprint-landing-r1pftpk1f-a55ets-projects.vercel.app,dpl_Dspn2uC9fYUFeRzCQ63KmNJc4aYe,40,iad1,278,2048,,prj_0yEqZoYLeoFxe4GwUIxHZhtEU6iA,,,01KF7X1NZ9Z7FAH6JVPE268G1D,EVTnstu1JEc2,1
2026-01-18 06:35:28,1768718128516,www.soulprintengine.ai/dashboard/bot,GET,_rsc=18t7j,200,qs82q-1768718128516-a1983b31aac5,"Mozilla/5.0 (Windows NT 10.0; Win64; x64) AppleWebKit/537.36 (KHTML, like Gecko) Chrome/143.0.0.0 Safari/537.36",,production,main,MISS,middleware,middleware,www.soulprintengine.ai,soulprint-landing-r1pftpk1f-a55ets-projects.vercel.app,dpl_Dspn2uC9fYUFeRzCQ63KmNJc4aYe,512,iad1,108,2048,,prj_0yEqZoYLeoFxe4GwUIxHZhtEU6iA,,,01KF7X1NB1N7KG1YCHFXMNC3X0,Hl5gudDKsTNm,3
2026-01-18 06:35:28,1768718128492,www.soulprintengine.ai/dashboard/profile,GET,_rsc=18t7j,200,j7b79-1768718128492-b1914346f9fb,"Mozilla/5.0 (Windows NT 10.0; Win64; x64) AppleWebKit/537.36 (KHTML, like Gecko) Chrome/143.0.0.0 Safari/537.36",,production,main,MISS,serverless,/dashboard/profile.rsc,www.soulprintengine.ai,soulprint-landing-r1pftpk1f-a55ets-projects.vercel.app,dpl_Dspn2uC9fYUFeRzCQ63KmNJc4aYe,23,iad1,279,2048,,prj_0yEqZoYLeoFxe4GwUIxHZhtEU6iA,,,01KF7X1PH9GK5ZA4K8R53K206R,EVTnstu1JEc2,1
2026-01-18 06:35:28,1768718128492,www.soulprintengine.ai/dashboard/profile,GET,_rsc=18t7j,200,j7b79-1768718128492-b1914346f9fb,"Mozilla/5.0 (Windows NT 10.0; Win64; x64) AppleWebKit/537.36 (KHTML, like Gecko) Chrome/143.0.0.0 Safari/537.36",,production,main,MISS,middleware,middleware,www.soulprintengine.ai,soulprint-landing-r1pftpk1f-a55ets-projects.vercel.app,dpl_Dspn2uC9fYUFeRzCQ63KmNJc4aYe,949,iad1,147,2048,,prj_0yEqZoYLeoFxe4GwUIxHZhtEU6iA,,,01KF7X1NBTB3FFNDYD8QYFGRTX,KBHqxYFtDTQa,1
2026-01-18 06:35:28,1768718128492,www.soulprintengine.ai/dashboard/chat,GET,_rsc=18t7j,200,cdlss-1768718128492-b487f80c96a1,"Mozilla/5.0 (Windows NT 10.0; Win64; x64) AppleWebKit/537.36 (KHTML, like Gecko) Chrome/143.0.0.0 Safari/537.36",,production,main,MISS,serverless,/dashboard/chat.rsc,www.soulprintengine.ai,soulprint-landing-r1pftpk1f-a55ets-projects.vercel.app,dpl_Dspn2uC9fYUFeRzCQ63KmNJc4aYe,16,iad1,284,2048,,prj_0yEqZoYLeoFxe4GwUIxHZhtEU6iA,,,01KF7X1PRCKWR3J9C88T2YPGPZ,EVTnstu1JEc2,2
2026-01-18 06:35:28,1768718128492,www.soulprintengine.ai/dashboard/chat,GET,_rsc=18t7j,200,cdlss-1768718128492-b487f80c96a1,"Mozilla/5.0 (Windows NT 10.0; Win64; x64) AppleWebKit/537.36 (KHTML, like Gecko) Chrome/143.0.0.0 Safari/537.36",,production,main,MISS,middleware,middleware,www.soulprintengine.ai,soulprint-landing-r1pftpk1f-a55ets-projects.vercel.app,dpl_Dspn2uC9fYUFeRzCQ63KmNJc4aYe,786,iad1,145,2048,,prj_0yEqZoYLeoFxe4GwUIxHZhtEU6iA,,,01KF7X1NBS8W0T2BCF7THCQH0R,hpgLr5ArJI1X,2
2026-01-18 06:35:28,1768718128461,www.soulprintengine.ai/dashboard/settings,GET,_rsc=18t7j,200,hck2h-1768718128461-8c186416e080,"Mozilla/5.0 (Windows NT 10.0; Win64; x64) AppleWebKit/537.36 (KHTML, like Gecko) Chrome/143.0.0.0 Safari/537.36",,production,main,MISS,serverless,/dashboard/settings.rsc,www.soulprintengine.ai,soulprint-landing-r1pftpk1f-a55ets-projects.vercel.app,dpl_Dspn2uC9fYUFeRzCQ63KmNJc4aYe,63,iad1,297,2048,,prj_0yEqZoYLeoFxe4GwUIxHZhtEU6iA,,,01KF7X1NQ6ZHPM6YH7VM291YF1,EVTnstu1JEc2,1
2026-01-18 06:35:28,1768718128461,www.soulprintengine.ai/dashboard/settings,GET,_rsc=18t7j,200,hck2h-1768718128461-8c186416e080,"Mozilla/5.0 (Windows NT 10.0; Win64; x64) AppleWebKit/537.36 (KHTML, like Gecko) Chrome/143.0.0.0 Safari/537.36",,production,main,MISS,middleware,middleware,www.soulprintengine.ai,soulprint-landing-r1pftpk1f-a55ets-projects.vercel.app,dpl_Dspn2uC9fYUFeRzCQ63KmNJc4aYe,277,iad1,147,2048,,prj_0yEqZoYLeoFxe4GwUIxHZhtEU6iA,,,01KF7X1NB1N7KG1YCHFXMNC3X0,Hl5gudDKsTNm,2
2026-01-18 06:35:28,1768718128460,www.soulprintengine.ai/dashboard,POST,,200,jpzh8-1768718128460-9bbc499dddad,"Mozilla/5.0 (Windows NT 10.0; Win64; x64) AppleWebKit/537.36 (KHTML, like Gecko) Chrome/143.0.0.0 Safari/537.36",,production,main,MISS,serverless,/dashboard,www.soulprintengine.ai,soulprint-landing-r1pftpk1f-a55ets-projects.vercel.app,dpl_Dspn2uC9fYUFeRzCQ63KmNJc4aYe,571,iad1,286,2048,,prj_0yEqZoYLeoFxe4GwUIxHZhtEU6iA,,,01KF7X1PRCKWR3J9C88T2YPGPZ,EVTnstu1JEc2,2
2026-01-18 06:35:28,1768718128460,www.soulprintengine.ai/dashboard,POST,,200,jpzh8-1768718128460-9bbc499dddad,"Mozilla/5.0 (Windows NT 10.0; Win64; x64) AppleWebKit/537.36 (KHTML, like Gecko) Chrome/143.0.0.0 Safari/537.36",,production,main,MISS,middleware,middleware,www.soulprintengine.ai,soulprint-landing-r1pftpk1f-a55ets-projects.vercel.app,dpl_Dspn2uC9fYUFeRzCQ63KmNJc4aYe,751,iad1,146,2048,,prj_0yEqZoYLeoFxe4GwUIxHZhtEU6iA,,,01KF7X1NARDHKQ0VV6RHVCJXBM,Uf1xx0b3Kewm,2
2026-01-18 06:35:25,1768718125067,www.soulprintengine.ai/dashboard,GET,,200,b4pmw-1768718125067-76e1e1b6deee,"Mozilla/5.0 (Windows NT 10.0; Win64; x64) AppleWebKit/537.36 (KHTML, like Gecko) Chrome/143.0.0.0 Safari/537.36",,production,main,MISS,middleware,middleware,www.soulprintengine.ai,soulprint-landing-r1pftpk1f-a55ets-projects.vercel.app,dpl_Dspn2uC9fYUFeRzCQ63KmNJc4aYe,503,iad1,147,2048,,prj_0yEqZoYLeoFxe4GwUIxHZhtEU6iA,,,01KF7X1J224MP6SM15CSKRN8CK,Hl5gudDKsTNm,1
2026-01-18 06:35:25,1768718125067,www.soulprintengine.ai/dashboard,GET,,200,b4pmw-1768718125067-76e1e1b6deee,"Mozilla/5.0 (Windows NT 10.0; Win64; x64) AppleWebKit/537.36 (KHTML, like Gecko) Chrome/143.0.0.0 Safari/537.36",,production,main,MISS,serverless,/dashboard,www.soulprintengine.ai,soulprint-landing-r1pftpk1f-a55ets-projects.vercel.app,dpl_Dspn2uC9fYUFeRzCQ63KmNJc4aYe,1655,iad1,297,2048,,prj_0yEqZoYLeoFxe4GwUIxHZhtEU6iA,,,01KF7X1JMBH8XRN00CNBD7MDEK,EVTnstu1JEc2,1
2026-01-18 06:35:23,1768718123622,www.soulprintengine.ai/,GET,,307,7rjqn-1768718123622-b7773781cf89,"Mozilla/5.0 (Windows NT 10.0; Win64; x64) AppleWebKit/537.36 (KHTML, like Gecko) Chrome/143.0.0.0 Safari/537.36",,production,main,,middleware,middleware,www.soulprintengine.ai,soulprint-landing-r1pftpk1f-a55ets-projects.vercel.app,dpl_Dspn2uC9fYUFeRzCQ63KmNJc4aYe,1069,iad1,135,2048,,prj_0yEqZoYLeoFxe4GwUIxHZhtEU6iA,,,01KF7X1GPFCDVN59NHCFHSRHY7,Hl5gudDKsTNm,1
2026-01-18 06:35:23,1768718123622,www.soulprintengine.ai/,GET,,307,7rjqn-1768718123622-b7773781cf89,"Mozilla/5.0 (Windows NT 10.0; Win64; x64) AppleWebKit/537.36 (KHTML, like Gecko) Chrome/143.0.0.0 Safari/537.36",,production,main,,redirect,/,www.soulprintengine.ai,soulprint-landing-r1pftpk1f-a55ets-projects.vercel.app,dpl_Dspn2uC9fYUFeRzCQ63KmNJc4aYe,,cle1,,,,prj_0yEqZoYLeoFxe4GwUIxHZhtEU6iA,,,,,
2026-01-18 06:34:59,1768718099405,soulprint-landing-r1pftpk1f-a55ets-projects.vercel.app/,GET,,200,ntsrv-1768718099405-2e5a7ed88714,vercel-favicon/1.0,,production,main,HIT,middleware,middleware,soulprint-landing-r1pftpk1f-a55ets-projects.vercel.app,soulprint-landing-r1pftpk1f-a55ets-projects.vercel.app,dpl_Dspn2uC9fYUFeRzCQ63KmNJc4aYe,529,sfo1,123,2048,,prj_0yEqZoYLeoFxe4GwUIxHZhtEU6iA,,,01KF7X0RYRC8XQM7X13BWGQF50,rf5WyT7MW0ih,1
2026-01-18 06:34:59,1768718099405,soulprint-landing-r1pftpk1f-a55ets-projects.vercel.app/,GET,,200,ntsrv-1768718099405-2e5a7ed88714,vercel-favicon/1.0,,production,main,HIT,static,/,soulprint-landing-r1pftpk1f-a55ets-projects.vercel.app,soulprint-landing-r1pftpk1f-a55ets-projects.vercel.app,dpl_Dspn2uC9fYUFeRzCQ63KmNJc4aYe,695,sfo1,,,,prj_0yEqZoYLeoFxe4GwUIxHZhtEU6iA,,,,,
2026-01-18 06:23:10,1768717390539,soulprint-landing-r1pftpk1f-a55ets-projects.vercel.app/,GET,_rsc=1r34m,200,ht6jt-1768717390539-d330b02d6fc6,vercel-screenshot/1.0,,production,main,PRERENDER,middleware,middleware,soulprint-landing-r1pftpk1f-a55ets-projects.vercel.app,soulprint-landing-r1pftpk1f-a55ets-projects.vercel.app,dpl_Dspn2uC9fYUFeRzCQ63KmNJc4aYe,11,sfo1,123,2048,,prj_0yEqZoYLeoFxe4GwUIxHZhtEU6iA,,,01KF7WB4PGZCZP3R1WZRT0HR17,QKxfj3Ndlf54,1
2026-01-18 06:23:10,1768717390539,soulprint-landing-r1pftpk1f-a55ets-projects.vercel.app/,GET,_rsc=1r34m,200,ht6jt-1768717390539-d330b02d6fc6,vercel-screenshot/1.0,,production,main,PRERENDER,static,/index.segments/_tree.segment,soulprint-landing-r1pftpk1f-a55ets-projects.vercel.app,soulprint-landing-r1pftpk1f-a55ets-projects.vercel.app,dpl_Dspn2uC9fYUFeRzCQ63KmNJc4aYe,216,sfo1,,,,prj_0yEqZoYLeoFxe4GwUIxHZhtEU6iA,,,,,
2026-01-18 06:23:10,1768717390520,soulprint-landing-r1pftpk1f-a55ets-projects.vercel.app/,GET,_rsc=1r34m,200,dc8kd-1768717390520-ec809953ba4b,vercel-screenshot/1.0,,production,main,PRERENDER,middleware,middleware,soulprint-landing-r1pftpk1f-a55ets-projects.vercel.app,soulprint-landing-r1pftpk1f-a55ets-projects.vercel.app,dpl_Dspn2uC9fYUFeRzCQ63KmNJc4aYe,11,sfo1,124,2048,,prj_0yEqZoYLeoFxe4GwUIxHZhtEU6iA,,,01KF7WB4Q5YWCJ8TCC1J0RT3NR,QKxfj3Ndlf54,1
2026-01-18 06:23:10,1768717390520,soulprint-landing-r1pftpk1f-a55ets-projects.vercel.app/,GET,_rsc=1r34m,200,dc8kd-1768717390520-ec809953ba4b,vercel-screenshot/1.0,,production,main,PRERENDER,static,/index.segments/_tree.segment,soulprint-landing-r1pftpk1f-a55ets-projects.vercel.app,soulprint-landing-r1pftpk1f-a55ets-projects.vercel.app,dpl_Dspn2uC9fYUFeRzCQ63KmNJc4aYe,265,sfo1,,,,prj_0yEqZoYLeoFxe4GwUIxHZhtEU6iA,,,,,
2026-01-18 06:23:10,1768717390088,soulprint-landing-r1pftpk1f-a55ets-projects.vercel.app/,GET,,200,vfd5l-1768717390088-c2a65abcb543,vercel-screenshot/1.0,,production,main,HIT,middleware,middleware,soulprint-landing-r1pftpk1f-a55ets-projects.vercel.app,soulprint-landing-r1pftpk1f-a55ets-projects.vercel.app,dpl_Dspn2uC9fYUFeRzCQ63KmNJc4aYe,9,sfo1,123,2048,,prj_0yEqZoYLeoFxe4GwUIxHZhtEU6iA,,,01KF7WB48FNZN9FVD8VT5718KK,QKxfj3Ndlf54,1
2026-01-18 06:23:10,1768717390088,soulprint-landing-r1pftpk1f-a55ets-projects.vercel.app/,GET,,200,vfd5l-1768717390088-c2a65abcb543,vercel-screenshot/1.0,,production,main,HIT,static,/,soulprint-landing-r1pftpk1f-a55ets-projects.vercel.app,soulprint-landing-r1pftpk1f-a55ets-projects.vercel.app,dpl_Dspn2uC9fYUFeRzCQ63KmNJc4aYe,42,sfo1,,,,prj_0yEqZoYLeoFxe4GwUIxHZhtEU6iA,,,,,
2026-01-18 06:23:09,1768717389986,soulprint-landing-r1pftpk1f-a55ets-projects.vercel.app/,GET,,200,ht6jt-1768717389986-0ffd8b1595b1,vercel-screenshot/1.0,,production,main,HIT,middleware,middleware,soulprint-landing-r1pftpk1f-a55ets-projects.vercel.app,soulprint-landing-r1pftpk1f-a55ets-projects.vercel.app,dpl_Dspn2uC9fYUFeRzCQ63KmNJc4aYe,11,sfo1,123,2048,,prj_0yEqZoYLeoFxe4GwUIxHZhtEU6iA,,,01KF7WB48C5Z79X84P2KNW6Y27,QKxfj3Ndlf54,1
2026-01-18 06:23:09,1768717389986,soulprint-landing-r1pftpk1f-a55ets-projects.vercel.app/,GET,,200,ht6jt-1768717389986-0ffd8b1595b1,vercel-screenshot/1.0,,production,main,HIT,static,/,soulprint-landing-r1pftpk1f-a55ets-projects.vercel.app,soulprint-landing-r1pftpk1f-a55ets-projects.vercel.app,dpl_Dspn2uC9fYUFeRzCQ63KmNJc4aYe,128,sfo1,,,,prj_0yEqZoYLeoFxe4GwUIxHZhtEU6iA,,,,,
2026-01-18 06:23:09,1768717389708,soulprint-landing-r1pftpk1f-a55ets-projects.vercel.app/,GET,,200,dt9nc-1768717389708-4b8299110511,vercel-screenshot/1.0,,production,main,PRERENDER,middleware,middleware,soulprint-landing-r1pftpk1f-a55ets-projects.vercel.app,soulprint-landing-r1pftpk1f-a55ets-projects.vercel.app,dpl_Dspn2uC9fYUFeRzCQ63KmNJc4aYe,12,sfo1,123,2048,,prj_0yEqZoYLeoFxe4GwUIxHZhtEU6iA,,,01KF7WB414K35WQDC6NBJCYP59,QKxfj3Ndlf54,1
2026-01-18 06:23:09,1768717389708,soulprint-landing-r1pftpk1f-a55ets-projects.vercel.app/,GET,,200,dt9nc-1768717389708-4b8299110511,vercel-screenshot/1.0,,production,main,PRERENDER,static,/,soulprint-landing-r1pftpk1f-a55ets-projects.vercel.app,soulprint-landing-r1pftpk1f-a55ets-projects.vercel.app,dpl_Dspn2uC9fYUFeRzCQ63KmNJc4aYe,291,sfo1,,,,prj_0yEqZoYLeoFxe4GwUIxHZhtEU6iA,,,,,
2026-01-18 06:23:09,1768717389482,soulprint-landing-r1pftpk1f-a55ets-projects.vercel.app/,GET,,200,vfd5l-1768717389482-b315f3b8629a,vercel-screenshot/1.0,,production,main,PRERENDER,middleware,middleware,soulprint-landing-r1pftpk1f-a55ets-projects.vercel.app,soulprint-landing-r1pftpk1f-a55ets-projects.vercel.app,dpl_Dspn2uC9fYUFeRzCQ63KmNJc4aYe,40,sfo1,122,2048,,prj_0yEqZoYLeoFxe4GwUIxHZhtEU6iA,,,01KF7WB3SDYFT5HQPK61QHYMCQ,QKxfj3Ndlf54,1
2026-01-18 06:23:09,1768717389482,soulprint-landing-r1pftpk1f-a55ets-projects.vercel.app/,GET,,200,vfd5l-1768717389482-b315f3b8629a,vercel-screenshot/1.0,,production,main,PRERENDER,static,/,soulprint-landing-r1pftpk1f-a55ets-projects.vercel.app,soulprint-landing-r1pftpk1f-a55ets-projects.vercel.app,dpl_Dspn2uC9fYUFeRzCQ63KmNJc4aYe,430,sfo1,,,,prj_0yEqZoYLeoFxe4GwUIxHZhtEU6iA,,,,,